comp_id,method,node,loop_id
52,java.util.ImmutableCollections$SetN$SetNIterator.next,b8,0
52,java.util.ImmutableCollections$SetN$SetNIterator.next,b9,0
52,java.util.ImmutableCollections$SetN$SetNIterator.next,b10,0
52,java.util.ImmutableCollections$SetN$SetNIterator.next,b11,0
52,java.util.ImmutableCollections$SetN$SetNIterator.next,b12,0
52,java.util.ImmutableCollections$SetN$SetNIterator.next,b13,0
57,java.util.HashMap.putVal,b39,0
57,java.util.HashMap.putVal,b40,0
57,java.util.HashMap.putVal,b42,0
58,java.lang.String.equals,b12,0
58,java.lang.String.equals,b13,0
58,java.lang.String.equals,b14,0
69,java.util.HashMap.resize,b24,2
69,java.util.HashMap.resize,b25,2
69,java.util.HashMap.resize,b49,0
69,java.util.HashMap.resize,b50,0
69,java.util.HashMap.resize,b51,0
69,java.util.HashMap.resize,b52,0
69,java.util.HashMap.resize,b53,0
69,java.util.HashMap.resize,b54,0
69,java.util.HashMap.resize,b56,0
69,java.util.HashMap.resize,b59,0
69,java.util.HashMap.resize,b60,0
69,java.util.HashMap.resize,b61,0
69,java.util.HashMap.resize,b62,0
69,java.util.HashMap.resize,b63,1
69,java.util.HashMap.resize,b64,1
69,java.util.HashMap.resize,b65,1
69,java.util.HashMap.resize,b66,1
69,java.util.HashMap.resize,b67,1
69,java.util.HashMap.resize,b68,1
69,java.util.HashMap.resize,b69,1
69,java.util.HashMap.resize,b70,1
69,java.util.HashMap.resize,b71,1
69,java.util.HashMap.resize,b72,0
69,java.util.HashMap.resize,b73,0
69,java.util.HashMap.resize,b74,0
69,java.util.HashMap.resize,b75,0
69,java.util.HashMap.resize,b76,0
69,java.util.HashMap.resize,b77,0
70,java.util.HashMap.resize,b24,2
70,java.util.HashMap.resize,b25,2
70,java.util.HashMap.resize,b49,0
70,java.util.HashMap.resize,b50,0
70,java.util.HashMap.resize,b51,0
70,java.util.HashMap.resize,b52,0
70,java.util.HashMap.resize,b53,0
70,java.util.HashMap.resize,b54,0
70,java.util.HashMap.resize,b56,0
70,java.util.HashMap.resize,b59,0
70,java.util.HashMap.resize,b60,0
70,java.util.HashMap.resize,b61,0
70,java.util.HashMap.resize,b62,0
70,java.util.HashMap.resize,b63,1
70,java.util.HashMap.resize,b64,1
70,java.util.HashMap.resize,b65,1
70,java.util.HashMap.resize,b66,1
70,java.util.HashMap.resize,b67,1
70,java.util.HashMap.resize,b68,1
70,java.util.HashMap.resize,b69,1
70,java.util.HashMap.resize,b70,1
70,java.util.HashMap.resize,b71,1
70,java.util.HashMap.resize,b72,0
70,java.util.HashMap.resize,b73,0
70,java.util.HashMap.resize,b74,0
70,java.util.HashMap.resize,b75,0
70,java.util.HashMap.resize,b76,0
70,java.util.HashMap.resize,b77,0
71,java.util.HashMap.resize,b24,2
71,java.util.HashMap.resize,b25,2
71,java.util.HashMap.resize,b49,0
71,java.util.HashMap.resize,b50,0
71,java.util.HashMap.resize,b51,0
71,java.util.HashMap.resize,b52,0
71,java.util.HashMap.resize,b53,0
71,java.util.HashMap.resize,b54,0
71,java.util.HashMap.resize,b56,0
71,java.util.HashMap.resize,b59,0
71,java.util.HashMap.resize,b60,0
71,java.util.HashMap.resize,b61,0
71,java.util.HashMap.resize,b62,0
71,java.util.HashMap.resize,b63,1
71,java.util.HashMap.resize,b64,1
71,java.util.HashMap.resize,b65,1
71,java.util.HashMap.resize,b66,1
71,java.util.HashMap.resize,b67,1
71,java.util.HashMap.resize,b68,1
71,java.util.HashMap.resize,b69,1
71,java.util.HashMap.resize,b70,1
71,java.util.HashMap.resize,b71,1
71,java.util.HashMap.resize,b72,0
71,java.util.HashMap.resize,b73,0
71,java.util.HashMap.resize,b74,0
71,java.util.HashMap.resize,b75,0
71,java.util.HashMap.resize,b76,0
71,java.util.HashMap.resize,b77,0
73,java.util.HashMap.resize,b24,2
73,java.util.HashMap.resize,b25,2
73,java.util.HashMap.resize,b49,0
73,java.util.HashMap.resize,b50,0
73,java.util.HashMap.resize,b51,0
73,java.util.HashMap.resize,b52,0
73,java.util.HashMap.resize,b53,0
73,java.util.HashMap.resize,b54,0
73,java.util.HashMap.resize,b56,0
73,java.util.HashMap.resize,b59,0
73,java.util.HashMap.resize,b60,0
73,java.util.HashMap.resize,b61,0
73,java.util.HashMap.resize,b62,0
73,java.util.HashMap.resize,b63,1
73,java.util.HashMap.resize,b64,1
73,java.util.HashMap.resize,b65,1
73,java.util.HashMap.resize,b66,1
73,java.util.HashMap.resize,b67,1
73,java.util.HashMap.resize,b68,1
73,java.util.HashMap.resize,b69,1
73,java.util.HashMap.resize,b70,1
73,java.util.HashMap.resize,b71,1
73,java.util.HashMap.resize,b72,0
73,java.util.HashMap.resize,b73,0
73,java.util.HashMap.resize,b74,0
73,java.util.HashMap.resize,b75,0
73,java.util.HashMap.resize,b76,0
73,java.util.HashMap.resize,b77,0
75,java.util.HashMap.resize,b24,2
75,java.util.HashMap.resize,b25,2
75,java.util.HashMap.resize,b49,0
75,java.util.HashMap.resize,b50,0
75,java.util.HashMap.resize,b51,0
75,java.util.HashMap.resize,b52,0
75,java.util.HashMap.resize,b53,0
75,java.util.HashMap.resize,b54,0
75,java.util.HashMap.resize,b56,0
75,java.util.HashMap.resize,b59,0
75,java.util.HashMap.resize,b60,0
75,java.util.HashMap.resize,b61,0
75,java.util.HashMap.resize,b62,0
75,java.util.HashMap.resize,b63,1
75,java.util.HashMap.resize,b64,1
75,java.util.HashMap.resize,b65,1
75,java.util.HashMap.resize,b66,1
75,java.util.HashMap.resize,b67,1
75,java.util.HashMap.resize,b68,1
75,java.util.HashMap.resize,b69,1
75,java.util.HashMap.resize,b70,1
75,java.util.HashMap.resize,b71,1
75,java.util.HashMap.resize,b72,0
75,java.util.HashMap.resize,b73,0
75,java.util.HashMap.resize,b74,0
75,java.util.HashMap.resize,b75,0
75,java.util.HashMap.resize,b76,0
75,java.util.HashMap.resize,b77,0
84,jdk.internal.util.ArraysSupport.unsignedHashCode,b19,0
84,jdk.internal.util.ArraysSupport.unsignedHashCode,b20,0
84,jdk.internal.util.ArraysSupport.unsignedHashCode,b22,1
84,jdk.internal.util.ArraysSupport.unsignedHashCode,b23,1
84,jdk.internal.util.ArraysSupport.unsignedHashCode,b25,2
84,jdk.internal.util.ArraysSupport.unsignedHashCode,b26,2
85,jdk.internal.util.ArraysSupport.unsignedHashCode,b10,0
85,jdk.internal.util.ArraysSupport.unsignedHashCode,b11,0
85,jdk.internal.util.ArraysSupport.unsignedHashCode,b13,1
85,jdk.internal.util.ArraysSupport.unsignedHashCode,b14,1
85,jdk.internal.util.ArraysSupport.unsignedHashCode,b16,2
85,jdk.internal.util.ArraysSupport.unsignedHashCode,b17,2
87,java.lang.StringCoding.countPositives,b23,0
87,java.lang.StringCoding.countPositives,b24,0
87,java.lang.StringCoding.countPositives,b26,0
88,java.lang.StringCoding.countPositives,b12,0
88,java.lang.StringCoding.countPositives,b13,0
88,java.lang.StringCoding.countPositives,b15,0
133,BuboAgentCompilerMarkers.warmupMarkers,b3,0
133,BuboAgentCompilerMarkers.warmupMarkers,b4,0
133,BuboAgentCompilerMarkers.warmupMarkers,b6,1
133,BuboAgentCompilerMarkers.warmupMarkers,b7,1
133,BuboAgentCompilerMarkers.warmupMarkers,b9,2
133,BuboAgentCompilerMarkers.warmupMarkers,b10,2
134,BuboAgentCompilerMarkers.warmupMarkers,b1,0
134,BuboAgentCompilerMarkers.warmupMarkers,b2,0
134,BuboAgentCompilerMarkers.warmupMarkers,b4,1
134,BuboAgentCompilerMarkers.warmupMarkers,b5,1
134,BuboAgentCompilerMarkers.warmupMarkers,b7,2
134,BuboAgentCompilerMarkers.warmupMarkers,b8,2
138,java.lang.StringLatin1.equals,b8,0
138,java.lang.StringLatin1.equals,b9,0
138,java.lang.StringLatin1.equals,b10,0
140,java.util.Properties$LineReader.readLine,b39,5
140,java.util.Properties$LineReader.readLine,b40,5
140,java.util.Properties$LineReader.readLine,b43,5
140,java.util.Properties$LineReader.readLine,b54,3
140,java.util.Properties$LineReader.readLine,b55,3
140,java.util.Properties$LineReader.readLine,b56,3
140,java.util.Properties$LineReader.readLine,b57,3
140,java.util.Properties$LineReader.readLine,b59,3
140,java.util.Properties$LineReader.readLine,b60,3
140,java.util.Properties$LineReader.readLine,b62,3
140,java.util.Properties$LineReader.readLine,b63,4
140,java.util.Properties$LineReader.readLine,b64,4
140,java.util.Properties$LineReader.readLine,b67,4
140,java.util.Properties$LineReader.readLine,b68,3
140,java.util.Properties$LineReader.readLine,b70,3
140,java.util.Properties$LineReader.readLine,b72,3
140,java.util.Properties$LineReader.readLine,b75,0
140,java.util.Properties$LineReader.readLine,b76,0
140,java.util.Properties$LineReader.readLine,b77,0
140,java.util.Properties$LineReader.readLine,b79,0
140,java.util.Properties$LineReader.readLine,b80,0
140,java.util.Properties$LineReader.readLine,b81,0
140,java.util.Properties$LineReader.readLine,b83,0
140,java.util.Properties$LineReader.readLine,b85,0
140,java.util.Properties$LineReader.readLine,b87,0
140,java.util.Properties$LineReader.readLine,b88,0
140,java.util.Properties$LineReader.readLine,b89,0
140,java.util.Properties$LineReader.readLine,b90,0
140,java.util.Properties$LineReader.readLine,b92,0
140,java.util.Properties$LineReader.readLine,b93,0
140,java.util.Properties$LineReader.readLine,b94,0
140,java.util.Properties$LineReader.readLine,b95,0
140,java.util.Properties$LineReader.readLine,b96,1
140,java.util.Properties$LineReader.readLine,b97,1
140,java.util.Properties$LineReader.readLine,b98,1
140,java.util.Properties$LineReader.readLine,b99,1
140,java.util.Properties$LineReader.readLine,b103,1
140,java.util.Properties$LineReader.readLine,b104,1
140,java.util.Properties$LineReader.readLine,b105,2
140,java.util.Properties$LineReader.readLine,b106,2
140,java.util.Properties$LineReader.readLine,b107,0
140,java.util.Properties$LineReader.readLine,b109,2
140,java.util.Properties$LineReader.readLine,b110,1
140,java.util.Properties$LineReader.readLine,b111,0
140,java.util.Properties$LineReader.readLine,b112,1
140,java.util.Properties$LineReader.readLine,b114,1
140,java.util.Properties$LineReader.readLine,b115,0
140,java.util.Properties$LineReader.readLine,b117,0
140,java.util.Properties$LineReader.readLine,b119,0
140,java.util.Properties$LineReader.readLine,b120,0
140,java.util.Properties$LineReader.readLine,b121,0
140,java.util.Properties$LineReader.readLine,b128,0
140,java.util.Properties$LineReader.readLine,b129,0
140,java.util.Properties$LineReader.readLine,b131,0
140,java.util.Properties$LineReader.readLine,b133,0
140,java.util.Properties$LineReader.readLine,b136,0
141,java.util.Properties$LineReader.readLine,b1,0
141,java.util.Properties$LineReader.readLine,b2,0
141,java.util.Properties$LineReader.readLine,b3,0
141,java.util.Properties$LineReader.readLine,b5,0
141,java.util.Properties$LineReader.readLine,b6,0
141,java.util.Properties$LineReader.readLine,b7,0
141,java.util.Properties$LineReader.readLine,b8,0
141,java.util.Properties$LineReader.readLine,b9,0
141,java.util.Properties$LineReader.readLine,b10,0
141,java.util.Properties$LineReader.readLine,b11,0
141,java.util.Properties$LineReader.readLine,b13,0
141,java.util.Properties$LineReader.readLine,b15,0
141,java.util.Properties$LineReader.readLine,b16,0
141,java.util.Properties$LineReader.readLine,b17,0
141,java.util.Properties$LineReader.readLine,b18,0
141,java.util.Properties$LineReader.readLine,b20,0
141,java.util.Properties$LineReader.readLine,b21,0
141,java.util.Properties$LineReader.readLine,b22,0
141,java.util.Properties$LineReader.readLine,b23,0
141,java.util.Properties$LineReader.readLine,b24,0
141,java.util.Properties$LineReader.readLine,b25,1
141,java.util.Properties$LineReader.readLine,b26,1
141,java.util.Properties$LineReader.readLine,b27,1
141,java.util.Properties$LineReader.readLine,b28,1
141,java.util.Properties$LineReader.readLine,b32,1
141,java.util.Properties$LineReader.readLine,b33,1
141,java.util.Properties$LineReader.readLine,b34,2
141,java.util.Properties$LineReader.readLine,b35,2
141,java.util.Properties$LineReader.readLine,b36,0
141,java.util.Properties$LineReader.readLine,b38,2
141,java.util.Properties$LineReader.readLine,b39,0
141,java.util.Properties$LineReader.readLine,b40,1
141,java.util.Properties$LineReader.readLine,b41,1
141,java.util.Properties$LineReader.readLine,b43,1
141,java.util.Properties$LineReader.readLine,b45,0
141,java.util.Properties$LineReader.readLine,b46,0
141,java.util.Properties$LineReader.readLine,b48,0
141,java.util.Properties$LineReader.readLine,b49,0
141,java.util.Properties$LineReader.readLine,b50,0
141,java.util.Properties$LineReader.readLine,b51,0
141,java.util.Properties$LineReader.readLine,b53,0
141,java.util.Properties$LineReader.readLine,b54,0
141,java.util.Properties$LineReader.readLine,b55,0
141,java.util.Properties$LineReader.readLine,b57,0
141,java.util.Properties$LineReader.readLine,b58,0
141,java.util.Properties$LineReader.readLine,b60,0
141,java.util.Properties$LineReader.readLine,b62,0
141,java.util.Properties$LineReader.readLine,b63,0
141,java.util.Properties$LineReader.readLine,b64,0
141,java.util.Properties$LineReader.readLine,b67,0
142,java.util.Properties$LineReader.readLine,b39,5
142,java.util.Properties$LineReader.readLine,b40,5
142,java.util.Properties$LineReader.readLine,b43,5
142,java.util.Properties$LineReader.readLine,b54,3
142,java.util.Properties$LineReader.readLine,b55,3
142,java.util.Properties$LineReader.readLine,b56,3
142,java.util.Properties$LineReader.readLine,b57,3
142,java.util.Properties$LineReader.readLine,b59,3
142,java.util.Properties$LineReader.readLine,b60,3
142,java.util.Properties$LineReader.readLine,b62,3
142,java.util.Properties$LineReader.readLine,b63,4
142,java.util.Properties$LineReader.readLine,b64,4
142,java.util.Properties$LineReader.readLine,b67,4
142,java.util.Properties$LineReader.readLine,b68,3
142,java.util.Properties$LineReader.readLine,b70,3
142,java.util.Properties$LineReader.readLine,b72,3
142,java.util.Properties$LineReader.readLine,b75,0
142,java.util.Properties$LineReader.readLine,b76,0
142,java.util.Properties$LineReader.readLine,b77,0
142,java.util.Properties$LineReader.readLine,b79,0
142,java.util.Properties$LineReader.readLine,b81,0
142,java.util.Properties$LineReader.readLine,b82,0
142,java.util.Properties$LineReader.readLine,b83,0
142,java.util.Properties$LineReader.readLine,b85,0
142,java.util.Properties$LineReader.readLine,b86,0
142,java.util.Properties$LineReader.readLine,b87,0
142,java.util.Properties$LineReader.readLine,b88,0
142,java.util.Properties$LineReader.readLine,b89,0
142,java.util.Properties$LineReader.readLine,b91,0
142,java.util.Properties$LineReader.readLine,b93,0
142,java.util.Properties$LineReader.readLine,b94,0
142,java.util.Properties$LineReader.readLine,b95,0
142,java.util.Properties$LineReader.readLine,b96,0
142,java.util.Properties$LineReader.readLine,b98,0
142,java.util.Properties$LineReader.readLine,b99,0
142,java.util.Properties$LineReader.readLine,b100,0
142,java.util.Properties$LineReader.readLine,b101,0
142,java.util.Properties$LineReader.readLine,b102,0
142,java.util.Properties$LineReader.readLine,b103,1
142,java.util.Properties$LineReader.readLine,b104,1
142,java.util.Properties$LineReader.readLine,b105,1
142,java.util.Properties$LineReader.readLine,b106,1
142,java.util.Properties$LineReader.readLine,b110,1
142,java.util.Properties$LineReader.readLine,b111,1
142,java.util.Properties$LineReader.readLine,b112,2
142,java.util.Properties$LineReader.readLine,b113,2
142,java.util.Properties$LineReader.readLine,b114,0
142,java.util.Properties$LineReader.readLine,b116,2
142,java.util.Properties$LineReader.readLine,b117,1
142,java.util.Properties$LineReader.readLine,b118,0
142,java.util.Properties$LineReader.readLine,b119,1
142,java.util.Properties$LineReader.readLine,b121,1
142,java.util.Properties$LineReader.readLine,b122,0
142,java.util.Properties$LineReader.readLine,b124,0
142,java.util.Properties$LineReader.readLine,b126,0
142,java.util.Properties$LineReader.readLine,b127,0
142,java.util.Properties$LineReader.readLine,b128,0
142,java.util.Properties$LineReader.readLine,b129,0
142,java.util.Properties$LineReader.readLine,b131,0
142,java.util.Properties$LineReader.readLine,b132,0
142,java.util.Properties$LineReader.readLine,b133,0
142,java.util.Properties$LineReader.readLine,b135,0
142,java.util.Properties$LineReader.readLine,b136,0
142,java.util.Properties$LineReader.readLine,b138,0
142,java.util.Properties$LineReader.readLine,b140,0
142,java.util.Properties$LineReader.readLine,b141,0
142,java.util.Properties$LineReader.readLine,b142,0
142,java.util.Properties$LineReader.readLine,b145,0
143,java.util.Properties$LineReader.readLine,b1,0
143,java.util.Properties$LineReader.readLine,b2,0
143,java.util.Properties$LineReader.readLine,b3,0
143,java.util.Properties$LineReader.readLine,b5,0
143,java.util.Properties$LineReader.readLine,b6,0
143,java.util.Properties$LineReader.readLine,b7,0
143,java.util.Properties$LineReader.readLine,b8,0
143,java.util.Properties$LineReader.readLine,b9,0
143,java.util.Properties$LineReader.readLine,b10,0
143,java.util.Properties$LineReader.readLine,b11,0
143,java.util.Properties$LineReader.readLine,b13,0
143,java.util.Properties$LineReader.readLine,b15,0
143,java.util.Properties$LineReader.readLine,b16,0
143,java.util.Properties$LineReader.readLine,b17,0
143,java.util.Properties$LineReader.readLine,b18,0
143,java.util.Properties$LineReader.readLine,b20,0
143,java.util.Properties$LineReader.readLine,b21,0
143,java.util.Properties$LineReader.readLine,b22,0
143,java.util.Properties$LineReader.readLine,b23,0
143,java.util.Properties$LineReader.readLine,b24,0
143,java.util.Properties$LineReader.readLine,b25,1
143,java.util.Properties$LineReader.readLine,b26,1
143,java.util.Properties$LineReader.readLine,b27,1
143,java.util.Properties$LineReader.readLine,b28,1
143,java.util.Properties$LineReader.readLine,b32,1
143,java.util.Properties$LineReader.readLine,b33,1
143,java.util.Properties$LineReader.readLine,b34,2
143,java.util.Properties$LineReader.readLine,b35,2
143,java.util.Properties$LineReader.readLine,b36,0
143,java.util.Properties$LineReader.readLine,b38,2
143,java.util.Properties$LineReader.readLine,b39,0
143,java.util.Properties$LineReader.readLine,b40,1
143,java.util.Properties$LineReader.readLine,b41,1
143,java.util.Properties$LineReader.readLine,b43,1
143,java.util.Properties$LineReader.readLine,b45,0
143,java.util.Properties$LineReader.readLine,b46,0
143,java.util.Properties$LineReader.readLine,b48,0
143,java.util.Properties$LineReader.readLine,b49,0
143,java.util.Properties$LineReader.readLine,b50,0
143,java.util.Properties$LineReader.readLine,b51,0
143,java.util.Properties$LineReader.readLine,b53,0
143,java.util.Properties$LineReader.readLine,b54,0
143,java.util.Properties$LineReader.readLine,b55,0
143,java.util.Properties$LineReader.readLine,b57,0
143,java.util.Properties$LineReader.readLine,b58,0
143,java.util.Properties$LineReader.readLine,b60,0
143,java.util.Properties$LineReader.readLine,b62,0
143,java.util.Properties$LineReader.readLine,b63,0
143,java.util.Properties$LineReader.readLine,b64,0
143,java.util.Properties$LineReader.readLine,b67,0
168,LoopBenchmarks.fibonacciLoop,b5,0
168,LoopBenchmarks.fibonacciLoop,b6,0
168,LoopBenchmarks.fibonacciLoop,b8,1
168,LoopBenchmarks.fibonacciLoop,b9,1
168,LoopBenchmarks.fibonacciLoop,b11,2
168,LoopBenchmarks.fibonacciLoop,b12,2
169,LoopBenchmarks.main,b2,1
169,LoopBenchmarks.main,b3,1
169,LoopBenchmarks.main,b5,3
169,LoopBenchmarks.main,b6,3
169,LoopBenchmarks.main,b8,4
169,LoopBenchmarks.main,b9,4
169,LoopBenchmarks.main,b11,0
169,LoopBenchmarks.main,b12,0
169,LoopBenchmarks.main,b13,2
169,LoopBenchmarks.main,b14,2
169,LoopBenchmarks.main,b15,0
169,LoopBenchmarks.main,b16,5
169,LoopBenchmarks.main,b17,5
169,LoopBenchmarks.main,b18,0
169,LoopBenchmarks.main,b19,6
169,LoopBenchmarks.main,b20,6
169,LoopBenchmarks.main,b21,0
170,LoopBenchmarks.fibonacciLoop,b5,0
170,LoopBenchmarks.fibonacciLoop,b6,0
170,LoopBenchmarks.fibonacciLoop,b8,1
170,LoopBenchmarks.fibonacciLoop,b9,1
170,LoopBenchmarks.fibonacciLoop,b11,2
170,LoopBenchmarks.fibonacciLoop,b12,2
170,LoopBenchmarks.main,b29,1
170,LoopBenchmarks.main,b30,1
170,LoopBenchmarks.main,b31,1
170,LoopBenchmarks.main,b32,1
170,LoopBenchmarks.main,b33,1
170,LoopBenchmarks.main,b34,1
170,LoopBenchmarks.main,b35,1
170,LoopBenchmarks.main,b36,1
170,LoopBenchmarks.main,b37,1
170,LoopBenchmarks.main,b38,1
170,LoopBenchmarks.main,b76,6
170,LoopBenchmarks.main,b77,6
170,LoopBenchmarks.main,b84,2
170,LoopBenchmarks.main,b85,2
170,LoopBenchmarks.main,b103,0
170,LoopBenchmarks.main,b104,0
170,LoopBenchmarks.main,b105,3
170,LoopBenchmarks.main,b106,3
170,LoopBenchmarks.main,b107,0
170,LoopBenchmarks.main,b108,4
170,LoopBenchmarks.main,b109,4
170,LoopBenchmarks.main,b110,0
170,LoopBenchmarks.main,b111,5
170,LoopBenchmarks.main,b112,5
170,LoopBenchmarks.main,b113,0
171,LoopBenchmarks.main,b2,1
171,LoopBenchmarks.main,b3,1
171,LoopBenchmarks.main,b5,3
171,LoopBenchmarks.main,b6,3
171,LoopBenchmarks.main,b8,4
171,LoopBenchmarks.main,b9,4
171,LoopBenchmarks.main,b11,0
171,LoopBenchmarks.main,b12,0
171,LoopBenchmarks.main,b13,2
171,LoopBenchmarks.main,b14,2
171,LoopBenchmarks.main,b15,0
171,LoopBenchmarks.main,b16,5
171,LoopBenchmarks.main,b17,5
171,LoopBenchmarks.main,b18,0
171,LoopBenchmarks.main,b19,6
171,LoopBenchmarks.main,b20,6
171,LoopBenchmarks.main,b21,0
172,LoopBenchmarks.main,b29,1
172,LoopBenchmarks.main,b30,1
172,LoopBenchmarks.main,b31,1
172,LoopBenchmarks.main,b32,1
172,LoopBenchmarks.main,b33,1
172,LoopBenchmarks.main,b34,1
172,LoopBenchmarks.main,b35,1
172,LoopBenchmarks.main,b36,1
172,LoopBenchmarks.main,b37,1
172,LoopBenchmarks.main,b38,1
172,LoopBenchmarks.main,b76,6
172,LoopBenchmarks.main,b77,6
172,LoopBenchmarks.main,b84,2
172,LoopBenchmarks.main,b85,2
172,LoopBenchmarks.main,b103,0
172,LoopBenchmarks.main,b104,0
172,LoopBenchmarks.main,b105,3
172,LoopBenchmarks.main,b106,3
172,LoopBenchmarks.main,b107,0
172,LoopBenchmarks.main,b108,4
172,LoopBenchmarks.main,b109,4
172,LoopBenchmarks.main,b110,0
172,LoopBenchmarks.main,b111,5
172,LoopBenchmarks.main,b112,5
172,LoopBenchmarks.main,b113,0
179,java.util.regex.Pattern$BmpCharPropertyGreedy.match,b7,0
179,java.util.regex.Pattern$BmpCharPropertyGreedy.match,b8,0
179,java.util.regex.Pattern$BmpCharPropertyGreedy.match,b9,0
179,java.util.regex.Pattern$BmpCharPropertyGreedy.match,b10,0
182,java.util.regex.Pattern$BmpCharPropertyGreedy.match,b7,0
182,java.util.regex.Pattern$BmpCharPropertyGreedy.match,b8,0
182,java.util.regex.Pattern$BmpCharPropertyGreedy.match,b9,0
182,java.util.regex.Pattern$BmpCharPropertyGreedy.match,b10,0
184,LoopBenchmarks.main,b2,3
184,LoopBenchmarks.main,b3,3
184,LoopBenchmarks.main,b4,3
184,LoopBenchmarks.main,b6,2
184,LoopBenchmarks.main,b7,2
184,LoopBenchmarks.main,b8,4
184,LoopBenchmarks.main,b9,4
184,LoopBenchmarks.main,b10,4
184,LoopBenchmarks.main,b11,2
184,LoopBenchmarks.main,b17,0
184,LoopBenchmarks.main,b18,0
184,LoopBenchmarks.main,b19,1
184,LoopBenchmarks.main,b20,1
184,LoopBenchmarks.main,b21,5
184,LoopBenchmarks.main,b22,5
184,LoopBenchmarks.main,b23,5
184,LoopBenchmarks.main,b24,1
184,LoopBenchmarks.main,b25,0
185,LoopBenchmarks.main,b41,3
185,LoopBenchmarks.main,b42,3
185,LoopBenchmarks.main,b43,3
185,LoopBenchmarks.main,b44,3
185,LoopBenchmarks.main,b46,3
185,LoopBenchmarks.main,b47,3
185,LoopBenchmarks.main,b48,3
185,LoopBenchmarks.main,b49,3
185,LoopBenchmarks.main,b50,3
185,LoopBenchmarks.main,b51,3
185,LoopBenchmarks.main,b52,3
185,LoopBenchmarks.main,b53,3
185,LoopBenchmarks.main,b54,3
185,LoopBenchmarks.main,b55,3
185,LoopBenchmarks.main,b56,3
185,LoopBenchmarks.main,b57,3
185,LoopBenchmarks.main,b95,8
185,LoopBenchmarks.main,b96,8
185,LoopBenchmarks.main,b107,0
185,LoopBenchmarks.main,b108,0
185,LoopBenchmarks.main,b109,4
185,LoopBenchmarks.main,b110,4
185,LoopBenchmarks.main,b111,0
185,LoopBenchmarks.main,b112,6
185,LoopBenchmarks.main,b113,6
185,LoopBenchmarks.main,b114,0
185,LoopBenchmarks.main,b115,7
185,LoopBenchmarks.main,b116,7
185,LoopBenchmarks.main,b117,0
185,LoopBenchmarks.main,b136,1
185,LoopBenchmarks.main,b137,1
185,LoopBenchmarks.main,b138,2
185,LoopBenchmarks.main,b139,2
185,LoopBenchmarks.main,b140,5
185,LoopBenchmarks.main,b141,5
185,LoopBenchmarks.main,b142,5
185,LoopBenchmarks.main,b143,2
185,LoopBenchmarks.main,b144,1
186,LoopBenchmarks.main,b2,3
186,LoopBenchmarks.main,b3,3
186,LoopBenchmarks.main,b4,3
186,LoopBenchmarks.main,b8,2
186,LoopBenchmarks.main,b9,2
186,LoopBenchmarks.main,b10,4
186,LoopBenchmarks.main,b11,4
186,LoopBenchmarks.main,b12,4
186,LoopBenchmarks.main,b13,2
186,LoopBenchmarks.main,b14,2
186,LoopBenchmarks.main,b18,0
186,LoopBenchmarks.main,b19,0
186,LoopBenchmarks.main,b20,1
186,LoopBenchmarks.main,b21,1
186,LoopBenchmarks.main,b22,5
186,LoopBenchmarks.main,b23,5
186,LoopBenchmarks.main,b24,5
186,LoopBenchmarks.main,b25,1
186,LoopBenchmarks.main,b26,1
186,LoopBenchmarks.main,b27,0
187,LoopBenchmarks.main,b2,6
187,LoopBenchmarks.main,b3,6
187,LoopBenchmarks.main,b4,6
187,LoopBenchmarks.main,b8,5
187,LoopBenchmarks.main,b9,5
187,LoopBenchmarks.main,b10,7
187,LoopBenchmarks.main,b11,7
187,LoopBenchmarks.main,b12,7
187,LoopBenchmarks.main,b13,5
187,LoopBenchmarks.main,b14,5
187,LoopBenchmarks.main,b18,3
187,LoopBenchmarks.main,b19,3
187,LoopBenchmarks.main,b20,4
187,LoopBenchmarks.main,b21,4
187,LoopBenchmarks.main,b22,8
187,LoopBenchmarks.main,b23,8
187,LoopBenchmarks.main,b24,8
187,LoopBenchmarks.main,b25,4
187,LoopBenchmarks.main,b26,4
187,LoopBenchmarks.main,b27,3
187,LoopBenchmarks.main,b29,0
187,LoopBenchmarks.main,b30,0
187,LoopBenchmarks.main,b31,1
187,LoopBenchmarks.main,b32,1
187,LoopBenchmarks.main,b33,2
187,LoopBenchmarks.main,b34,2
187,LoopBenchmarks.main,b35,9
187,LoopBenchmarks.main,b36,9
187,LoopBenchmarks.main,b37,9
187,LoopBenchmarks.main,b38,2
187,LoopBenchmarks.main,b39,2
187,LoopBenchmarks.main,b40,1
187,LoopBenchmarks.main,b41,0
188,LoopBenchmarks.main,b41,3
188,LoopBenchmarks.main,b42,3
188,LoopBenchmarks.main,b43,3
188,LoopBenchmarks.main,b44,3
188,LoopBenchmarks.main,b46,3
188,LoopBenchmarks.main,b47,3
188,LoopBenchmarks.main,b48,3
188,LoopBenchmarks.main,b49,3
188,LoopBenchmarks.main,b50,3
188,LoopBenchmarks.main,b51,3
188,LoopBenchmarks.main,b52,3
188,LoopBenchmarks.main,b53,3
188,LoopBenchmarks.main,b54,3
188,LoopBenchmarks.main,b55,3
188,LoopBenchmarks.main,b56,3
188,LoopBenchmarks.main,b57,3
188,LoopBenchmarks.main,b95,8
188,LoopBenchmarks.main,b96,8
188,LoopBenchmarks.main,b107,0
188,LoopBenchmarks.main,b108,0
188,LoopBenchmarks.main,b109,4
188,LoopBenchmarks.main,b110,4
188,LoopBenchmarks.main,b111,0
188,LoopBenchmarks.main,b112,6
188,LoopBenchmarks.main,b113,6
188,LoopBenchmarks.main,b114,0
188,LoopBenchmarks.main,b115,7
188,LoopBenchmarks.main,b116,7
188,LoopBenchmarks.main,b117,0
188,LoopBenchmarks.main,b136,1
188,LoopBenchmarks.main,b137,1
188,LoopBenchmarks.main,b138,2
188,LoopBenchmarks.main,b139,2
188,LoopBenchmarks.main,b140,5
188,LoopBenchmarks.main,b141,5
188,LoopBenchmarks.main,b142,5
188,LoopBenchmarks.main,b143,2
188,LoopBenchmarks.main,b144,1
189,LoopBenchmarks.mandelbrotLoop,b3,0
189,LoopBenchmarks.mandelbrotLoop,b4,0
189,LoopBenchmarks.mandelbrotLoop,b5,0
190,LoopBenchmarks.parseJsonLoop,b35,0
190,LoopBenchmarks.parseJsonLoop,b36,0
190,LoopBenchmarks.parseJsonLoop,b38,0
190,LoopBenchmarks.parseJsonLoop,b39,0
190,LoopBenchmarks.parseJsonLoop,b40,0
190,LoopBenchmarks.parseJsonLoop,b41,0
190,LoopBenchmarks.parseJsonLoop,b42,0
190,LoopBenchmarks.parseJsonLoop,b43,0
190,LoopBenchmarks.parseJsonLoop,b44,0
190,LoopBenchmarks.parseJsonLoop,b45,0
190,LoopBenchmarks.parseJsonLoop,b46,0
190,LoopBenchmarks.parseJsonLoop,b47,0
190,LoopBenchmarks.main,b2,3
190,LoopBenchmarks.main,b3,3
190,LoopBenchmarks.main,b4,3
190,LoopBenchmarks.main,b8,2
190,LoopBenchmarks.main,b9,2
190,LoopBenchmarks.main,b10,4
190,LoopBenchmarks.main,b11,4
190,LoopBenchmarks.main,b12,4
190,LoopBenchmarks.main,b13,2
190,LoopBenchmarks.main,b14,2
190,LoopBenchmarks.main,b18,0
190,LoopBenchmarks.main,b19,0
190,LoopBenchmarks.main,b20,1
190,LoopBenchmarks.main,b21,1
190,LoopBenchmarks.main,b22,5
190,LoopBenchmarks.main,b23,5
190,LoopBenchmarks.main,b24,5
190,LoopBenchmarks.main,b25,1
190,LoopBenchmarks.main,b26,1
190,LoopBenchmarks.main,b27,0
191,LoopBenchmarks.parseJsonLoop,b15,0
191,LoopBenchmarks.parseJsonLoop,b16,0
191,LoopBenchmarks.parseJsonLoop,b17,0
191,LoopBenchmarks.parseJsonLoop,b18,0
191,LoopBenchmarks.parseJsonLoop,b20,0
191,LoopBenchmarks.parseJsonLoop,b21,0
191,LoopBenchmarks.parseJsonLoop,b22,0
191,LoopBenchmarks.parseJsonLoop,b23,0
191,LoopBenchmarks.parseJsonLoop,b24,0
191,LoopBenchmarks.parseJsonLoop,b25,0
191,LoopBenchmarks.parseJsonLoop,b26,0
191,LoopBenchmarks.parseJsonLoop,b27,0
191,LoopBenchmarks.main,b2,6
191,LoopBenchmarks.main,b3,6
191,LoopBenchmarks.main,b4,6
191,LoopBenchmarks.main,b8,5
191,LoopBenchmarks.main,b9,5
191,LoopBenchmarks.main,b10,7
191,LoopBenchmarks.main,b11,7
191,LoopBenchmarks.main,b12,7
191,LoopBenchmarks.main,b13,5
191,LoopBenchmarks.main,b14,5
191,LoopBenchmarks.main,b18,3
191,LoopBenchmarks.main,b19,3
191,LoopBenchmarks.main,b20,4
191,LoopBenchmarks.main,b21,4
191,LoopBenchmarks.main,b22,8
191,LoopBenchmarks.main,b23,8
191,LoopBenchmarks.main,b24,8
191,LoopBenchmarks.main,b25,4
191,LoopBenchmarks.main,b26,4
191,LoopBenchmarks.main,b27,3
191,LoopBenchmarks.main,b29,0
191,LoopBenchmarks.main,b30,0
191,LoopBenchmarks.main,b31,1
191,LoopBenchmarks.main,b32,1
191,LoopBenchmarks.main,b33,2
191,LoopBenchmarks.main,b34,2
191,LoopBenchmarks.main,b35,9
191,LoopBenchmarks.main,b36,9
191,LoopBenchmarks.main,b37,9
191,LoopBenchmarks.main,b38,2
191,LoopBenchmarks.main,b39,2
191,LoopBenchmarks.main,b40,1
191,LoopBenchmarks.main,b41,0
193,LoopBenchmarks.main,b26,2
193,LoopBenchmarks.main,b27,2
193,LoopBenchmarks.main,b29,3
193,LoopBenchmarks.main,b30,3
193,LoopBenchmarks.main,b32,4
193,LoopBenchmarks.main,b33,4
193,LoopBenchmarks.main,b45,0
193,LoopBenchmarks.main,b46,0
193,LoopBenchmarks.main,b47,1
193,LoopBenchmarks.main,b48,1
193,LoopBenchmarks.main,b49,1
193,LoopBenchmarks.main,b50,1
193,LoopBenchmarks.main,b51,1
193,LoopBenchmarks.main,b52,1
193,LoopBenchmarks.main,b53,0
194,LoopBenchmarks.matrixMultiplyLoop,b45,5
194,LoopBenchmarks.matrixMultiplyLoop,b46,5
194,LoopBenchmarks.matrixMultiplyLoop,b47,5
194,LoopBenchmarks.matrixMultiplyLoop,b93,3
194,LoopBenchmarks.matrixMultiplyLoop,b94,3
194,LoopBenchmarks.matrixMultiplyLoop,b95,3
194,LoopBenchmarks.matrixMultiplyLoop,b96,3
194,LoopBenchmarks.matrixMultiplyLoop,b97,4
194,LoopBenchmarks.matrixMultiplyLoop,b98,4
194,LoopBenchmarks.matrixMultiplyLoop,b99,4
194,LoopBenchmarks.matrixMultiplyLoop,b100,3
194,LoopBenchmarks.matrixMultiplyLoop,b101,3
194,LoopBenchmarks.matrixMultiplyLoop,b103,0
194,LoopBenchmarks.matrixMultiplyLoop,b104,0
194,LoopBenchmarks.matrixMultiplyLoop,b105,1
194,LoopBenchmarks.matrixMultiplyLoop,b106,1
194,LoopBenchmarks.matrixMultiplyLoop,b107,1
194,LoopBenchmarks.matrixMultiplyLoop,b108,1
194,LoopBenchmarks.matrixMultiplyLoop,b109,1
194,LoopBenchmarks.matrixMultiplyLoop,b110,1
194,LoopBenchmarks.matrixMultiplyLoop,b111,1
194,LoopBenchmarks.matrixMultiplyLoop,b112,1
194,LoopBenchmarks.matrixMultiplyLoop,b114,1
194,LoopBenchmarks.matrixMultiplyLoop,b115,1
194,LoopBenchmarks.matrixMultiplyLoop,b116,1
194,LoopBenchmarks.matrixMultiplyLoop,b118,1
194,LoopBenchmarks.matrixMultiplyLoop,b119,2
194,LoopBenchmarks.matrixMultiplyLoop,b120,2
194,LoopBenchmarks.matrixMultiplyLoop,b121,2
194,LoopBenchmarks.matrixMultiplyLoop,b122,1
194,LoopBenchmarks.matrixMultiplyLoop,b123,1
194,LoopBenchmarks.matrixMultiplyLoop,b124,1
194,LoopBenchmarks.matrixMultiplyLoop,b125,1
194,LoopBenchmarks.matrixMultiplyLoop,b126,0
194,LoopBenchmarks.parseJsonLoop,b35,0
194,LoopBenchmarks.parseJsonLoop,b36,0
194,LoopBenchmarks.parseJsonLoop,b38,0
194,LoopBenchmarks.parseJsonLoop,b39,0
194,LoopBenchmarks.parseJsonLoop,b40,0
194,LoopBenchmarks.parseJsonLoop,b41,0
194,LoopBenchmarks.parseJsonLoop,b42,0
194,LoopBenchmarks.parseJsonLoop,b43,0
194,LoopBenchmarks.parseJsonLoop,b44,0
194,LoopBenchmarks.parseJsonLoop,b45,0
194,LoopBenchmarks.parseJsonLoop,b46,0
194,LoopBenchmarks.parseJsonLoop,b47,0
195,LoopBenchmarks.matrixMultiplyLoop,b7,0
195,LoopBenchmarks.matrixMultiplyLoop,b8,0
195,LoopBenchmarks.matrixMultiplyLoop,b9,0
195,LoopBenchmarks.matrixMultiplyLoop,b10,0
195,LoopBenchmarks.matrixMultiplyLoop,b11,0
195,LoopBenchmarks.matrixMultiplyLoop,b12,0
195,LoopBenchmarks.matrixMultiplyLoop,b14,0
195,LoopBenchmarks.matrixMultiplyLoop,b15,0
195,LoopBenchmarks.matrixMultiplyLoop,b16,0
195,LoopBenchmarks.matrixMultiplyLoop,b17,0
195,LoopBenchmarks.matrixMultiplyLoop,b18,0
195,LoopBenchmarks.matrixMultiplyLoop,b19,0
195,LoopBenchmarks.matrixMultiplyLoop,b21,0
195,LoopBenchmarks.matrixMultiplyLoop,b22,0
195,LoopBenchmarks.matrixMultiplyLoop,b23,1
195,LoopBenchmarks.matrixMultiplyLoop,b24,1
195,LoopBenchmarks.matrixMultiplyLoop,b25,2
195,LoopBenchmarks.matrixMultiplyLoop,b26,2
195,LoopBenchmarks.matrixMultiplyLoop,b27,2
195,LoopBenchmarks.matrixMultiplyLoop,b28,1
195,LoopBenchmarks.matrixMultiplyLoop,b29,0
195,LoopBenchmarks.parseJsonLoop,b12,0
195,LoopBenchmarks.parseJsonLoop,b13,0
195,LoopBenchmarks.parseJsonLoop,b15,0
195,LoopBenchmarks.parseJsonLoop,b16,0
195,LoopBenchmarks.parseJsonLoop,b17,0
195,LoopBenchmarks.parseJsonLoop,b18,0
195,LoopBenchmarks.parseJsonLoop,b19,0
195,LoopBenchmarks.parseJsonLoop,b20,0
195,LoopBenchmarks.parseJsonLoop,b21,0
195,LoopBenchmarks.parseJsonLoop,b22,0
195,LoopBenchmarks.parseJsonLoop,b23,0
195,LoopBenchmarks.parseJsonLoop,b24,0
196,LoopBenchmarks.sieveLoop,b19,0
196,LoopBenchmarks.sieveLoop,b20,0
196,LoopBenchmarks.sieveLoop,b22,1
196,LoopBenchmarks.sieveLoop,b23,1
196,LoopBenchmarks.sieveLoop,b25,2
196,LoopBenchmarks.sieveLoop,b26,2
196,LoopBenchmarks.parseJsonLoop,b45,0
196,LoopBenchmarks.parseJsonLoop,b46,0
196,LoopBenchmarks.parseJsonLoop,b47,0
196,LoopBenchmarks.parseJsonLoop,b48,0
196,LoopBenchmarks.parseJsonLoop,b50,0
196,LoopBenchmarks.parseJsonLoop,b51,0
196,LoopBenchmarks.parseJsonLoop,b52,0
196,LoopBenchmarks.parseJsonLoop,b53,0
196,LoopBenchmarks.parseJsonLoop,b54,0
196,LoopBenchmarks.parseJsonLoop,b55,0
196,LoopBenchmarks.parseJsonLoop,b56,0
196,LoopBenchmarks.parseJsonLoop,b57,0
197,LoopBenchmarks.sieveLoop,b11,0
197,LoopBenchmarks.sieveLoop,b12,0
197,LoopBenchmarks.sieveLoop,b14,4
197,LoopBenchmarks.sieveLoop,b15,4
197,LoopBenchmarks.sieveLoop,b17,5
197,LoopBenchmarks.sieveLoop,b18,5
197,LoopBenchmarks.sieveLoop,b21,1
197,LoopBenchmarks.sieveLoop,b22,1
197,LoopBenchmarks.sieveLoop,b23,1
197,LoopBenchmarks.sieveLoop,b24,1
197,LoopBenchmarks.sieveLoop,b25,1
197,LoopBenchmarks.sieveLoop,b26,1
197,LoopBenchmarks.sieveLoop,b27,2
197,LoopBenchmarks.sieveLoop,b28,2
197,LoopBenchmarks.sieveLoop,b29,2
197,LoopBenchmarks.sieveLoop,b30,1
197,LoopBenchmarks.sieveLoop,b42,3
197,LoopBenchmarks.sieveLoop,b43,3
197,LoopBenchmarks.sieveLoop,b44,3
197,LoopBenchmarks.sieveLoop,b45,3
197,LoopBenchmarks.parseJsonLoop,b15,0
197,LoopBenchmarks.parseJsonLoop,b16,0
197,LoopBenchmarks.parseJsonLoop,b17,0
197,LoopBenchmarks.parseJsonLoop,b18,0
197,LoopBenchmarks.parseJsonLoop,b20,0
197,LoopBenchmarks.parseJsonLoop,b21,0
197,LoopBenchmarks.parseJsonLoop,b22,0
197,LoopBenchmarks.parseJsonLoop,b23,0
197,LoopBenchmarks.parseJsonLoop,b24,0
197,LoopBenchmarks.parseJsonLoop,b25,0
197,LoopBenchmarks.parseJsonLoop,b26,0
197,LoopBenchmarks.parseJsonLoop,b27,0
198,LoopBenchmarks.sieveLoop,b12,0
198,LoopBenchmarks.sieveLoop,b13,0
198,LoopBenchmarks.sieveLoop,b14,0
199,LoopBenchmarks.main,b26,2
199,LoopBenchmarks.main,b27,2
199,LoopBenchmarks.main,b29,3
199,LoopBenchmarks.main,b30,3
199,LoopBenchmarks.main,b32,4
199,LoopBenchmarks.main,b33,4
199,LoopBenchmarks.main,b45,0
199,LoopBenchmarks.main,b46,0
199,LoopBenchmarks.main,b47,1
199,LoopBenchmarks.main,b48,1
199,LoopBenchmarks.main,b49,1
199,LoopBenchmarks.main,b50,1
199,LoopBenchmarks.main,b51,1
199,LoopBenchmarks.main,b52,1
199,LoopBenchmarks.main,b53,0
199,LoopBenchmarks.sieveLoop,b12,1
199,LoopBenchmarks.sieveLoop,b13,1
199,LoopBenchmarks.sieveLoop,b14,1
199,LoopBenchmarks.sieveLoop,b22,0
199,LoopBenchmarks.sieveLoop,b23,0
199,LoopBenchmarks.sieveLoop,b24,0
199,LoopBenchmarks.sieveLoop,b25,0
199,LoopBenchmarks.sieveLoop,b27,0
199,LoopBenchmarks.sieveLoop,b28,2
199,LoopBenchmarks.sieveLoop,b29,2
199,LoopBenchmarks.sieveLoop,b30,2
199,LoopBenchmarks.sieveLoop,b31,0
200,LoopBenchmarks.matrixMultiplyLoop,b45,5
200,LoopBenchmarks.matrixMultiplyLoop,b46,5
200,LoopBenchmarks.matrixMultiplyLoop,b47,5
200,LoopBenchmarks.matrixMultiplyLoop,b93,3
200,LoopBenchmarks.matrixMultiplyLoop,b94,3
200,LoopBenchmarks.matrixMultiplyLoop,b95,3
200,LoopBenchmarks.matrixMultiplyLoop,b96,3
200,LoopBenchmarks.matrixMultiplyLoop,b97,4
200,LoopBenchmarks.matrixMultiplyLoop,b98,4
200,LoopBenchmarks.matrixMultiplyLoop,b99,4
200,LoopBenchmarks.matrixMultiplyLoop,b100,3
200,LoopBenchmarks.matrixMultiplyLoop,b101,3
200,LoopBenchmarks.matrixMultiplyLoop,b103,0
200,LoopBenchmarks.matrixMultiplyLoop,b104,0
200,LoopBenchmarks.matrixMultiplyLoop,b105,1
200,LoopBenchmarks.matrixMultiplyLoop,b106,1
200,LoopBenchmarks.matrixMultiplyLoop,b107,1
200,LoopBenchmarks.matrixMultiplyLoop,b108,1
200,LoopBenchmarks.matrixMultiplyLoop,b109,1
200,LoopBenchmarks.matrixMultiplyLoop,b110,1
200,LoopBenchmarks.matrixMultiplyLoop,b111,1
200,LoopBenchmarks.matrixMultiplyLoop,b112,1
200,LoopBenchmarks.matrixMultiplyLoop,b114,1
200,LoopBenchmarks.matrixMultiplyLoop,b115,1
200,LoopBenchmarks.matrixMultiplyLoop,b116,1
200,LoopBenchmarks.matrixMultiplyLoop,b118,1
200,LoopBenchmarks.matrixMultiplyLoop,b119,2
200,LoopBenchmarks.matrixMultiplyLoop,b120,2
200,LoopBenchmarks.matrixMultiplyLoop,b121,2
200,LoopBenchmarks.matrixMultiplyLoop,b122,1
200,LoopBenchmarks.matrixMultiplyLoop,b123,1
200,LoopBenchmarks.matrixMultiplyLoop,b124,1
200,LoopBenchmarks.matrixMultiplyLoop,b125,1
200,LoopBenchmarks.matrixMultiplyLoop,b126,0
200,LoopBenchmarks.sieveLoop,b12,1
200,LoopBenchmarks.sieveLoop,b13,1
200,LoopBenchmarks.sieveLoop,b14,1
200,LoopBenchmarks.sieveLoop,b22,0
200,LoopBenchmarks.sieveLoop,b23,0
200,LoopBenchmarks.sieveLoop,b24,0
200,LoopBenchmarks.sieveLoop,b25,0
200,LoopBenchmarks.sieveLoop,b26,0
200,LoopBenchmarks.sieveLoop,b27,0
200,LoopBenchmarks.sieveLoop,b28,2
200,LoopBenchmarks.sieveLoop,b29,2
200,LoopBenchmarks.sieveLoop,b30,2
200,LoopBenchmarks.sieveLoop,b31,0
201,LoopBenchmarks.matrixMultiplyLoop,b19,0
201,LoopBenchmarks.matrixMultiplyLoop,b20,0
201,LoopBenchmarks.matrixMultiplyLoop,b21,1
201,LoopBenchmarks.matrixMultiplyLoop,b22,1
201,LoopBenchmarks.matrixMultiplyLoop,b23,1
201,LoopBenchmarks.matrixMultiplyLoop,b24,1
201,LoopBenchmarks.matrixMultiplyLoop,b25,1
201,LoopBenchmarks.matrixMultiplyLoop,b27,1
201,LoopBenchmarks.matrixMultiplyLoop,b28,1
201,LoopBenchmarks.matrixMultiplyLoop,b29,2
201,LoopBenchmarks.matrixMultiplyLoop,b30,2
201,LoopBenchmarks.matrixMultiplyLoop,b31,2
201,LoopBenchmarks.matrixMultiplyLoop,b32,1
201,LoopBenchmarks.matrixMultiplyLoop,b33,1
201,LoopBenchmarks.matrixMultiplyLoop,b34,0
201,LoopBenchmarks.sieveLoop,b26,0
201,LoopBenchmarks.sieveLoop,b27,0
201,LoopBenchmarks.sieveLoop,b28,0
201,LoopBenchmarks.sieveLoop,b29,0
202,LoopBenchmarks.main,b5,0
202,LoopBenchmarks.main,b6,0
202,LoopBenchmarks.main,b8,1
202,LoopBenchmarks.main,b9,1
202,LoopBenchmarks.main,b11,2
202,LoopBenchmarks.main,b12,2
202,LoopBenchmarks.matrixMultiplyLoop,b45,5
202,LoopBenchmarks.matrixMultiplyLoop,b46,5
202,LoopBenchmarks.matrixMultiplyLoop,b47,5
202,LoopBenchmarks.matrixMultiplyLoop,b93,3
202,LoopBenchmarks.matrixMultiplyLoop,b94,3
202,LoopBenchmarks.matrixMultiplyLoop,b95,3
202,LoopBenchmarks.matrixMultiplyLoop,b96,3
202,LoopBenchmarks.matrixMultiplyLoop,b97,4
202,LoopBenchmarks.matrixMultiplyLoop,b98,4
202,LoopBenchmarks.matrixMultiplyLoop,b99,4
202,LoopBenchmarks.matrixMultiplyLoop,b100,3
202,LoopBenchmarks.matrixMultiplyLoop,b101,3
202,LoopBenchmarks.matrixMultiplyLoop,b103,0
202,LoopBenchmarks.matrixMultiplyLoop,b104,0
202,LoopBenchmarks.matrixMultiplyLoop,b105,0
202,LoopBenchmarks.matrixMultiplyLoop,b106,0
202,LoopBenchmarks.matrixMultiplyLoop,b107,0
202,LoopBenchmarks.matrixMultiplyLoop,b108,0
202,LoopBenchmarks.matrixMultiplyLoop,b110,0
202,LoopBenchmarks.matrixMultiplyLoop,b111,0
202,LoopBenchmarks.matrixMultiplyLoop,b112,0
202,LoopBenchmarks.matrixMultiplyLoop,b113,0
202,LoopBenchmarks.matrixMultiplyLoop,b114,0
202,LoopBenchmarks.matrixMultiplyLoop,b116,0
202,LoopBenchmarks.matrixMultiplyLoop,b117,0
202,LoopBenchmarks.matrixMultiplyLoop,b118,0
202,LoopBenchmarks.matrixMultiplyLoop,b119,0
202,LoopBenchmarks.matrixMultiplyLoop,b120,0
202,LoopBenchmarks.matrixMultiplyLoop,b121,0
202,LoopBenchmarks.matrixMultiplyLoop,b123,0
202,LoopBenchmarks.matrixMultiplyLoop,b124,0
202,LoopBenchmarks.matrixMultiplyLoop,b126,0
202,LoopBenchmarks.matrixMultiplyLoop,b127,1
202,LoopBenchmarks.matrixMultiplyLoop,b128,1
202,LoopBenchmarks.matrixMultiplyLoop,b129,1
202,LoopBenchmarks.matrixMultiplyLoop,b130,1
202,LoopBenchmarks.matrixMultiplyLoop,b131,2
202,LoopBenchmarks.matrixMultiplyLoop,b132,2
202,LoopBenchmarks.matrixMultiplyLoop,b133,2
202,LoopBenchmarks.matrixMultiplyLoop,b134,1
202,LoopBenchmarks.matrixMultiplyLoop,b135,1
202,LoopBenchmarks.matrixMultiplyLoop,b136,0
203,LoopBenchmarks.histogramLoop,b21,0
203,LoopBenchmarks.histogramLoop,b22,0
203,LoopBenchmarks.histogramLoop,b23,0
203,LoopBenchmarks.histogramLoop,b24,0
203,LoopBenchmarks.matrixMultiplyLoop,b7,0
203,LoopBenchmarks.matrixMultiplyLoop,b8,0
203,LoopBenchmarks.matrixMultiplyLoop,b9,0
203,LoopBenchmarks.matrixMultiplyLoop,b10,0
203,LoopBenchmarks.matrixMultiplyLoop,b11,0
203,LoopBenchmarks.matrixMultiplyLoop,b12,0
203,LoopBenchmarks.matrixMultiplyLoop,b14,0
203,LoopBenchmarks.matrixMultiplyLoop,b15,0
203,LoopBenchmarks.matrixMultiplyLoop,b16,0
203,LoopBenchmarks.matrixMultiplyLoop,b17,0
203,LoopBenchmarks.matrixMultiplyLoop,b18,0
203,LoopBenchmarks.matrixMultiplyLoop,b19,0
203,LoopBenchmarks.matrixMultiplyLoop,b21,0
203,LoopBenchmarks.matrixMultiplyLoop,b22,0
203,LoopBenchmarks.matrixMultiplyLoop,b23,1
203,LoopBenchmarks.matrixMultiplyLoop,b24,1
203,LoopBenchmarks.matrixMultiplyLoop,b25,2
203,LoopBenchmarks.matrixMultiplyLoop,b26,2
203,LoopBenchmarks.matrixMultiplyLoop,b27,2
203,LoopBenchmarks.matrixMultiplyLoop,b28,1
203,LoopBenchmarks.matrixMultiplyLoop,b29,0
204,LoopBenchmarks.histogramLoop,b3,0
204,LoopBenchmarks.histogramLoop,b4,0
204,LoopBenchmarks.histogramLoop,b5,0
204,LoopBenchmarks.histogramLoop,b19,1
204,LoopBenchmarks.histogramLoop,b20,1
204,LoopBenchmarks.histogramLoop,b21,1
204,LoopBenchmarks.histogramLoop,b22,1
204,LoopBenchmarks.histogramLoop,b23,1
204,LoopBenchmarks.histogramLoop,b24,1
204,LoopBenchmarks.sieveLoop,b19,0
204,LoopBenchmarks.sieveLoop,b20,0
204,LoopBenchmarks.sieveLoop,b22,1
204,LoopBenchmarks.sieveLoop,b23,1
204,LoopBenchmarks.sieveLoop,b25,2
204,LoopBenchmarks.sieveLoop,b26,2
205,LoopBenchmarks.histogramLoop,b27,0
205,LoopBenchmarks.histogramLoop,b28,0
205,LoopBenchmarks.histogramLoop,b29,0
205,LoopBenchmarks.histogramLoop,b30,0
205,LoopBenchmarks.histogramLoop,b31,0
205,LoopBenchmarks.histogramLoop,b32,0
205,LoopBenchmarks.sieveLoop,b11,0
205,LoopBenchmarks.sieveLoop,b12,0
205,LoopBenchmarks.sieveLoop,b14,1
205,LoopBenchmarks.sieveLoop,b15,1
205,LoopBenchmarks.sieveLoop,b17,2
205,LoopBenchmarks.sieveLoop,b18,2
206,LoopBenchmarks.main,b4,0
206,LoopBenchmarks.main,b5,0
206,LoopBenchmarks.main,b7,1
206,LoopBenchmarks.main,b8,1
206,LoopBenchmarks.main,b10,2
206,LoopBenchmarks.main,b11,2
206,LoopBenchmarks.sieveLoop,b12,0
206,LoopBenchmarks.sieveLoop,b13,0
206,LoopBenchmarks.sieveLoop,b14,0
207,LoopBenchmarks.crc32Loop,b16,1
207,LoopBenchmarks.crc32Loop,b17,1
207,LoopBenchmarks.crc32Loop,b18,1
207,LoopBenchmarks.crc32Loop,b19,1
207,LoopBenchmarks.crc32Loop,b49,0
207,LoopBenchmarks.crc32Loop,b50,0
207,LoopBenchmarks.crc32Loop,b51,0
207,LoopBenchmarks.crc32Loop,b52,0
207,LoopBenchmarks.crc32Loop,b53,0
207,LoopBenchmarks.crc32Loop,b54,0
207,LoopBenchmarks.crc32Loop,b55,0
207,LoopBenchmarks.crc32Loop,b56,0
207,LoopBenchmarks.crc32Loop,b57,0
207,LoopBenchmarks.crc32Loop,b58,0
207,LoopBenchmarks.crc32Loop,b59,0
207,LoopBenchmarks.crc32Loop,b60,0
207,LoopBenchmarks.crc32Loop,b61,0
207,LoopBenchmarks.crc32Loop,b62,0
207,LoopBenchmarks.crc32Loop,b63,0
207,LoopBenchmarks.crc32Loop,b64,0
207,LoopBenchmarks.crc32Loop,b65,0
207,LoopBenchmarks.crc32Loop,b66,0
207,LoopBenchmarks.crc32Loop,b67,0
207,LoopBenchmarks.crc32Loop,b68,0
207,LoopBenchmarks.crc32Loop,b69,0
207,LoopBenchmarks.crc32Loop,b70,0
207,LoopBenchmarks.crc32Loop,b71,0
207,LoopBenchmarks.crc32Loop,b72,0
207,LoopBenchmarks.crc32Loop,b73,0
207,LoopBenchmarks.sieveLoop,b12,1
207,LoopBenchmarks.sieveLoop,b13,1
207,LoopBenchmarks.sieveLoop,b14,1
207,LoopBenchmarks.sieveLoop,b22,0
207,LoopBenchmarks.sieveLoop,b23,0
207,LoopBenchmarks.sieveLoop,b24,0
207,LoopBenchmarks.sieveLoop,b25,0
207,LoopBenchmarks.sieveLoop,b27,0
207,LoopBenchmarks.sieveLoop,b28,2
207,LoopBenchmarks.sieveLoop,b29,2
207,LoopBenchmarks.sieveLoop,b30,2
207,LoopBenchmarks.sieveLoop,b31,0
208,LoopBenchmarks.crc32Loop,b31,0
208,LoopBenchmarks.crc32Loop,b32,0
208,LoopBenchmarks.crc32Loop,b33,0
208,LoopBenchmarks.crc32Loop,b34,0
208,LoopBenchmarks.crc32Loop,b35,0
208,LoopBenchmarks.crc32Loop,b36,0
208,LoopBenchmarks.crc32Loop,b37,0
208,LoopBenchmarks.crc32Loop,b38,0
208,LoopBenchmarks.crc32Loop,b39,0
208,LoopBenchmarks.crc32Loop,b40,0
208,LoopBenchmarks.crc32Loop,b41,0
208,LoopBenchmarks.crc32Loop,b42,0
208,LoopBenchmarks.crc32Loop,b43,0
208,LoopBenchmarks.crc32Loop,b44,0
208,LoopBenchmarks.crc32Loop,b45,0
208,LoopBenchmarks.crc32Loop,b46,0
208,LoopBenchmarks.crc32Loop,b47,0
208,LoopBenchmarks.crc32Loop,b48,0
208,LoopBenchmarks.crc32Loop,b49,0
208,LoopBenchmarks.crc32Loop,b50,0
208,LoopBenchmarks.crc32Loop,b51,0
208,LoopBenchmarks.crc32Loop,b52,0
208,LoopBenchmarks.crc32Loop,b53,0
208,LoopBenchmarks.crc32Loop,b54,0
208,LoopBenchmarks.crc32Loop,b55,0
208,LoopBenchmarks.sieveLoop,b12,1
208,LoopBenchmarks.sieveLoop,b13,1
208,LoopBenchmarks.sieveLoop,b14,1
208,LoopBenchmarks.sieveLoop,b22,0
208,LoopBenchmarks.sieveLoop,b23,0
208,LoopBenchmarks.sieveLoop,b24,0
208,LoopBenchmarks.sieveLoop,b25,0
208,LoopBenchmarks.sieveLoop,b26,0
208,LoopBenchmarks.sieveLoop,b27,0
208,LoopBenchmarks.sieveLoop,b28,2
208,LoopBenchmarks.sieveLoop,b29,2
208,LoopBenchmarks.sieveLoop,b30,2
208,LoopBenchmarks.sieveLoop,b31,0
209,LoopBenchmarks.polynomialLoop,b19,0
209,LoopBenchmarks.polynomialLoop,b20,0
209,LoopBenchmarks.polynomialLoop,b22,1
209,LoopBenchmarks.polynomialLoop,b23,1
209,LoopBenchmarks.polynomialLoop,b25,2
209,LoopBenchmarks.polynomialLoop,b26,2
209,LoopBenchmarks.sieveLoop,b26,0
209,LoopBenchmarks.sieveLoop,b27,0
209,LoopBenchmarks.sieveLoop,b28,0
209,LoopBenchmarks.sieveLoop,b29,0
210,LoopBenchmarks.polynomialLoop,b3,0
210,LoopBenchmarks.polynomialLoop,b4,0
210,LoopBenchmarks.polynomialLoop,b6,1
210,LoopBenchmarks.polynomialLoop,b7,1
210,LoopBenchmarks.polynomialLoop,b9,2
210,LoopBenchmarks.polynomialLoop,b10,2
210,LoopBenchmarks.sieveLoop,b12,1
210,LoopBenchmarks.sieveLoop,b13,1
210,LoopBenchmarks.sieveLoop,b14,1
210,LoopBenchmarks.sieveLoop,b22,0
210,LoopBenchmarks.sieveLoop,b23,0
210,LoopBenchmarks.sieveLoop,b24,0
210,LoopBenchmarks.sieveLoop,b25,0
210,LoopBenchmarks.sieveLoop,b26,0
210,LoopBenchmarks.sieveLoop,b27,0
210,LoopBenchmarks.sieveLoop,b28,2
210,LoopBenchmarks.sieveLoop,b29,2
210,LoopBenchmarks.sieveLoop,b30,2
210,LoopBenchmarks.sieveLoop,b31,0
210,LoopBenchmarks.sieveLoop,b46,3
210,LoopBenchmarks.sieveLoop,b47,3
210,LoopBenchmarks.sieveLoop,b48,3
210,LoopBenchmarks.sieveLoop,b49,3
211,LoopBenchmarks.main,b5,1
211,LoopBenchmarks.main,b6,1
211,LoopBenchmarks.main,b8,3
211,LoopBenchmarks.main,b9,3
211,LoopBenchmarks.main,b11,4
211,LoopBenchmarks.main,b12,4
211,LoopBenchmarks.main,b15,0
211,LoopBenchmarks.main,b16,0
211,LoopBenchmarks.main,b17,2
211,LoopBenchmarks.main,b18,2
211,LoopBenchmarks.main,b19,2
211,LoopBenchmarks.main,b20,0
211,LoopBenchmarks.sieveLoop,b11,0
211,LoopBenchmarks.sieveLoop,b12,0
211,LoopBenchmarks.sieveLoop,b14,4
211,LoopBenchmarks.sieveLoop,b15,4
211,LoopBenchmarks.sieveLoop,b17,5
211,LoopBenchmarks.sieveLoop,b18,5
211,LoopBenchmarks.sieveLoop,b21,1
211,LoopBenchmarks.sieveLoop,b22,1
211,LoopBenchmarks.sieveLoop,b23,1
211,LoopBenchmarks.sieveLoop,b24,1
211,LoopBenchmarks.sieveLoop,b25,1
211,LoopBenchmarks.sieveLoop,b26,1
211,LoopBenchmarks.sieveLoop,b27,2
211,LoopBenchmarks.sieveLoop,b28,2
211,LoopBenchmarks.sieveLoop,b29,2
211,LoopBenchmarks.sieveLoop,b30,1
211,LoopBenchmarks.sieveLoop,b42,3
211,LoopBenchmarks.sieveLoop,b43,3
211,LoopBenchmarks.sieveLoop,b44,3
211,LoopBenchmarks.sieveLoop,b45,3
212,LoopBenchmarks.main,b5,0
212,LoopBenchmarks.main,b6,0
212,LoopBenchmarks.main,b8,1
212,LoopBenchmarks.main,b9,1
212,LoopBenchmarks.main,b11,2
212,LoopBenchmarks.main,b12,2
213,LoopBenchmarks.histogramLoop,b21,0
213,LoopBenchmarks.histogramLoop,b22,0
213,LoopBenchmarks.histogramLoop,b23,0
213,LoopBenchmarks.histogramLoop,b24,0
214,LoopBenchmarks.editDistanceLoop,b12,5
214,LoopBenchmarks.editDistanceLoop,b13,5
214,LoopBenchmarks.editDistanceLoop,b21,6
214,LoopBenchmarks.editDistanceLoop,b22,6
214,LoopBenchmarks.editDistanceLoop,b27,0
214,LoopBenchmarks.editDistanceLoop,b28,0
214,LoopBenchmarks.editDistanceLoop,b30,3
214,LoopBenchmarks.editDistanceLoop,b31,3
214,LoopBenchmarks.editDistanceLoop,b33,4
214,LoopBenchmarks.editDistanceLoop,b34,4
214,LoopBenchmarks.editDistanceLoop,b46,1
214,LoopBenchmarks.editDistanceLoop,b47,1
214,LoopBenchmarks.editDistanceLoop,b48,1
214,LoopBenchmarks.editDistanceLoop,b49,1
214,LoopBenchmarks.editDistanceLoop,b50,1
214,LoopBenchmarks.editDistanceLoop,b52,1
214,LoopBenchmarks.editDistanceLoop,b53,1
214,LoopBenchmarks.editDistanceLoop,b54,1
214,LoopBenchmarks.editDistanceLoop,b55,1
214,LoopBenchmarks.editDistanceLoop,b56,1
214,LoopBenchmarks.editDistanceLoop,b58,1
214,LoopBenchmarks.editDistanceLoop,b59,1
214,LoopBenchmarks.editDistanceLoop,b60,1
214,LoopBenchmarks.editDistanceLoop,b61,1
214,LoopBenchmarks.editDistanceLoop,b62,1
214,LoopBenchmarks.editDistanceLoop,b64,1
214,LoopBenchmarks.editDistanceLoop,b65,1
214,LoopBenchmarks.editDistanceLoop,b66,1
214,LoopBenchmarks.editDistanceLoop,b67,1
214,LoopBenchmarks.editDistanceLoop,b68,1
214,LoopBenchmarks.editDistanceLoop,b70,1
214,LoopBenchmarks.editDistanceLoop,b71,1
214,LoopBenchmarks.editDistanceLoop,b73,1
214,LoopBenchmarks.editDistanceLoop,b74,2
214,LoopBenchmarks.editDistanceLoop,b75,2
214,LoopBenchmarks.editDistanceLoop,b76,2
214,LoopBenchmarks.editDistanceLoop,b77,2
214,LoopBenchmarks.editDistanceLoop,b78,2
214,LoopBenchmarks.editDistanceLoop,b79,1
214,LoopBenchmarks.histogramLoop,b3,0
214,LoopBenchmarks.histogramLoop,b4,0
214,LoopBenchmarks.histogramLoop,b5,0
214,LoopBenchmarks.histogramLoop,b12,1
214,LoopBenchmarks.histogramLoop,b13,1
214,LoopBenchmarks.histogramLoop,b14,1
214,LoopBenchmarks.histogramLoop,b15,1
215,LoopBenchmarks.main,b17,0
215,LoopBenchmarks.main,b18,0
215,LoopBenchmarks.histogramLoop,b27,0
215,LoopBenchmarks.histogramLoop,b28,0
215,LoopBenchmarks.histogramLoop,b29,0
215,LoopBenchmarks.histogramLoop,b30,0
215,LoopBenchmarks.histogramLoop,b31,0
215,LoopBenchmarks.histogramLoop,b32,0
216,LoopBenchmarks.monteCarloPiLoop,b9,0
216,LoopBenchmarks.monteCarloPiLoop,b10,0
216,LoopBenchmarks.monteCarloPiLoop,b11,0
216,LoopBenchmarks.monteCarloPiLoop,b12,0
216,LoopBenchmarks.histogramLoop,b37,0
216,LoopBenchmarks.histogramLoop,b38,0
216,LoopBenchmarks.histogramLoop,b39,0
216,LoopBenchmarks.histogramLoop,b40,0
216,LoopBenchmarks.histogramLoop,b41,0
216,LoopBenchmarks.histogramLoop,b42,0
217,LoopBenchmarks.monteCarloPiLoop,b3,0
217,LoopBenchmarks.monteCarloPiLoop,b4,0
217,LoopBenchmarks.monteCarloPiLoop,b5,0
217,LoopBenchmarks.monteCarloPiLoop,b6,0
217,LoopBenchmarks.histogramLoop,b3,0
217,LoopBenchmarks.histogramLoop,b4,0
217,LoopBenchmarks.histogramLoop,b5,0
217,LoopBenchmarks.histogramLoop,b19,1
217,LoopBenchmarks.histogramLoop,b20,1
217,LoopBenchmarks.histogramLoop,b21,1
217,LoopBenchmarks.histogramLoop,b22,1
217,LoopBenchmarks.histogramLoop,b23,1
217,LoopBenchmarks.histogramLoop,b24,1
218,LoopBenchmarks.bubbleSortLoop,b29,2
218,LoopBenchmarks.bubbleSortLoop,b30,2
218,LoopBenchmarks.bubbleSortLoop,b31,2
218,LoopBenchmarks.bubbleSortLoop,b43,0
218,LoopBenchmarks.bubbleSortLoop,b44,0
218,LoopBenchmarks.bubbleSortLoop,b45,1
218,LoopBenchmarks.bubbleSortLoop,b46,1
218,LoopBenchmarks.bubbleSortLoop,b47,1
218,LoopBenchmarks.bubbleSortLoop,b48,1
218,LoopBenchmarks.bubbleSortLoop,b49,1
218,LoopBenchmarks.bubbleSortLoop,b50,0
218,LoopBenchmarks.main,b4,0
218,LoopBenchmarks.main,b5,0
218,LoopBenchmarks.main,b7,1
218,LoopBenchmarks.main,b8,1
218,LoopBenchmarks.main,b10,2
218,LoopBenchmarks.main,b11,2
219,LoopBenchmarks.bubbleSortLoop,b1,0
219,LoopBenchmarks.bubbleSortLoop,b2,0
219,LoopBenchmarks.bubbleSortLoop,b3,0
219,LoopBenchmarks.bubbleSortLoop,b4,0
219,LoopBenchmarks.bubbleSortLoop,b5,0
219,LoopBenchmarks.bubbleSortLoop,b7,0
219,LoopBenchmarks.bubbleSortLoop,b8,0
219,LoopBenchmarks.bubbleSortLoop,b9,0
219,LoopBenchmarks.bubbleSortLoop,b10,0
219,LoopBenchmarks.bubbleSortLoop,b11,0
219,LoopBenchmarks.bubbleSortLoop,b13,0
219,LoopBenchmarks.bubbleSortLoop,b14,0
219,LoopBenchmarks.bubbleSortLoop,b15,1
219,LoopBenchmarks.bubbleSortLoop,b16,1
219,LoopBenchmarks.bubbleSortLoop,b17,1
219,LoopBenchmarks.bubbleSortLoop,b18,0
219,LoopBenchmarks.crc32Loop,b16,1
219,LoopBenchmarks.crc32Loop,b17,1
219,LoopBenchmarks.crc32Loop,b18,1
219,LoopBenchmarks.crc32Loop,b19,1
219,LoopBenchmarks.crc32Loop,b49,0
219,LoopBenchmarks.crc32Loop,b50,0
219,LoopBenchmarks.crc32Loop,b51,0
219,LoopBenchmarks.crc32Loop,b52,0
219,LoopBenchmarks.crc32Loop,b53,0
219,LoopBenchmarks.crc32Loop,b54,0
219,LoopBenchmarks.crc32Loop,b55,0
219,LoopBenchmarks.crc32Loop,b56,0
219,LoopBenchmarks.crc32Loop,b57,0
219,LoopBenchmarks.crc32Loop,b58,0
219,LoopBenchmarks.crc32Loop,b59,0
219,LoopBenchmarks.crc32Loop,b60,0
219,LoopBenchmarks.crc32Loop,b61,0
219,LoopBenchmarks.crc32Loop,b62,0
219,LoopBenchmarks.crc32Loop,b63,0
219,LoopBenchmarks.crc32Loop,b64,0
219,LoopBenchmarks.crc32Loop,b65,0
219,LoopBenchmarks.crc32Loop,b66,0
219,LoopBenchmarks.crc32Loop,b67,0
219,LoopBenchmarks.crc32Loop,b68,0
219,LoopBenchmarks.crc32Loop,b69,0
219,LoopBenchmarks.crc32Loop,b70,0
219,LoopBenchmarks.crc32Loop,b71,0
219,LoopBenchmarks.crc32Loop,b72,0
219,LoopBenchmarks.crc32Loop,b73,0
220,LoopBenchmarks.main,b13,2
220,LoopBenchmarks.main,b14,2
220,LoopBenchmarks.main,b16,5
220,LoopBenchmarks.main,b17,5
220,LoopBenchmarks.main,b19,6
220,LoopBenchmarks.main,b20,6
220,LoopBenchmarks.main,b28,3
220,LoopBenchmarks.main,b29,3
220,LoopBenchmarks.main,b30,3
220,LoopBenchmarks.main,b31,3
220,LoopBenchmarks.main,b32,3
220,LoopBenchmarks.main,b34,3
220,LoopBenchmarks.main,b35,3
220,LoopBenchmarks.main,b36,3
220,LoopBenchmarks.main,b37,3
220,LoopBenchmarks.main,b38,3
220,LoopBenchmarks.main,b40,3
220,LoopBenchmarks.main,b41,3
220,LoopBenchmarks.main,b42,4
220,LoopBenchmarks.main,b43,4
220,LoopBenchmarks.main,b44,4
220,LoopBenchmarks.main,b45,3
220,LoopBenchmarks.main,b47,0
220,LoopBenchmarks.main,b48,0
220,LoopBenchmarks.main,b49,1
220,LoopBenchmarks.main,b50,1
220,LoopBenchmarks.main,b51,1
220,LoopBenchmarks.main,b52,0
220,LoopBenchmarks.crc32Loop,b27,0
220,LoopBenchmarks.crc32Loop,b28,0
220,LoopBenchmarks.crc32Loop,b29,0
220,LoopBenchmarks.crc32Loop,b30,0
220,LoopBenchmarks.crc32Loop,b31,0
220,LoopBenchmarks.crc32Loop,b32,0
220,LoopBenchmarks.crc32Loop,b33,0
220,LoopBenchmarks.crc32Loop,b34,0
220,LoopBenchmarks.crc32Loop,b35,0
220,LoopBenchmarks.crc32Loop,b36,0
220,LoopBenchmarks.crc32Loop,b37,0
220,LoopBenchmarks.crc32Loop,b38,0
220,LoopBenchmarks.crc32Loop,b39,0
220,LoopBenchmarks.crc32Loop,b40,0
220,LoopBenchmarks.crc32Loop,b41,0
220,LoopBenchmarks.crc32Loop,b42,0
220,LoopBenchmarks.crc32Loop,b43,0
220,LoopBenchmarks.crc32Loop,b44,0
220,LoopBenchmarks.crc32Loop,b45,0
220,LoopBenchmarks.crc32Loop,b46,0
220,LoopBenchmarks.crc32Loop,b47,0
220,LoopBenchmarks.crc32Loop,b48,0
220,LoopBenchmarks.crc32Loop,b49,0
220,LoopBenchmarks.crc32Loop,b50,0
220,LoopBenchmarks.crc32Loop,b51,0
221,LoopBenchmarks.main,b15,2
221,LoopBenchmarks.main,b16,2
221,LoopBenchmarks.main,b18,3
221,LoopBenchmarks.main,b19,3
221,LoopBenchmarks.main,b21,4
221,LoopBenchmarks.main,b22,4
221,LoopBenchmarks.main,b31,0
221,LoopBenchmarks.main,b32,0
221,LoopBenchmarks.main,b33,1
221,LoopBenchmarks.main,b34,1
221,LoopBenchmarks.main,b35,1
221,LoopBenchmarks.main,b36,1
221,LoopBenchmarks.main,b37,0
221,LoopBenchmarks.crc32Loop,b16,1
221,LoopBenchmarks.crc32Loop,b17,1
221,LoopBenchmarks.crc32Loop,b18,1
221,LoopBenchmarks.crc32Loop,b19,1
221,LoopBenchmarks.crc32Loop,b58,0
221,LoopBenchmarks.crc32Loop,b59,0
221,LoopBenchmarks.crc32Loop,b60,0
221,LoopBenchmarks.crc32Loop,b61,0
221,LoopBenchmarks.crc32Loop,b62,0
221,LoopBenchmarks.crc32Loop,b63,0
221,LoopBenchmarks.crc32Loop,b64,0
221,LoopBenchmarks.crc32Loop,b65,0
221,LoopBenchmarks.crc32Loop,b66,0
221,LoopBenchmarks.crc32Loop,b67,0
221,LoopBenchmarks.crc32Loop,b68,0
221,LoopBenchmarks.crc32Loop,b69,0
221,LoopBenchmarks.crc32Loop,b70,0
221,LoopBenchmarks.crc32Loop,b71,0
221,LoopBenchmarks.crc32Loop,b72,0
221,LoopBenchmarks.crc32Loop,b73,0
221,LoopBenchmarks.crc32Loop,b74,0
221,LoopBenchmarks.crc32Loop,b75,0
221,LoopBenchmarks.crc32Loop,b76,0
221,LoopBenchmarks.crc32Loop,b77,0
221,LoopBenchmarks.crc32Loop,b78,0
221,LoopBenchmarks.crc32Loop,b79,0
221,LoopBenchmarks.crc32Loop,b80,0
221,LoopBenchmarks.crc32Loop,b81,0
221,LoopBenchmarks.crc32Loop,b82,0
222,LoopBenchmarks.blurLoop,b25,3
222,LoopBenchmarks.blurLoop,b26,3
222,LoopBenchmarks.blurLoop,b27,3
222,LoopBenchmarks.blurLoop,b28,3
222,LoopBenchmarks.blurLoop,b29,3
222,LoopBenchmarks.blurLoop,b30,3
222,LoopBenchmarks.blurLoop,b134,2
222,LoopBenchmarks.blurLoop,b135,2
222,LoopBenchmarks.blurLoop,b137,4
222,LoopBenchmarks.blurLoop,b138,4
222,LoopBenchmarks.blurLoop,b140,5
222,LoopBenchmarks.blurLoop,b141,5
222,LoopBenchmarks.blurLoop,b159,0
222,LoopBenchmarks.blurLoop,b160,0
222,LoopBenchmarks.blurLoop,b161,1
222,LoopBenchmarks.blurLoop,b162,1
222,LoopBenchmarks.blurLoop,b163,1
222,LoopBenchmarks.blurLoop,b164,1
222,LoopBenchmarks.blurLoop,b165,1
222,LoopBenchmarks.blurLoop,b166,1
222,LoopBenchmarks.blurLoop,b167,1
222,LoopBenchmarks.blurLoop,b168,1
222,LoopBenchmarks.blurLoop,b169,1
222,LoopBenchmarks.blurLoop,b170,1
222,LoopBenchmarks.blurLoop,b171,1
222,LoopBenchmarks.blurLoop,b172,1
222,LoopBenchmarks.blurLoop,b173,1
222,LoopBenchmarks.blurLoop,b174,1
222,LoopBenchmarks.blurLoop,b175,1
222,LoopBenchmarks.blurLoop,b176,1
222,LoopBenchmarks.blurLoop,b177,0
222,LoopBenchmarks.crc32Loop,b31,0
222,LoopBenchmarks.crc32Loop,b32,0
222,LoopBenchmarks.crc32Loop,b33,0
222,LoopBenchmarks.crc32Loop,b34,0
222,LoopBenchmarks.crc32Loop,b35,0
222,LoopBenchmarks.crc32Loop,b36,0
222,LoopBenchmarks.crc32Loop,b37,0
222,LoopBenchmarks.crc32Loop,b38,0
222,LoopBenchmarks.crc32Loop,b39,0
222,LoopBenchmarks.crc32Loop,b40,0
222,LoopBenchmarks.crc32Loop,b41,0
222,LoopBenchmarks.crc32Loop,b42,0
222,LoopBenchmarks.crc32Loop,b43,0
222,LoopBenchmarks.crc32Loop,b44,0
222,LoopBenchmarks.crc32Loop,b45,0
222,LoopBenchmarks.crc32Loop,b46,0
222,LoopBenchmarks.crc32Loop,b47,0
222,LoopBenchmarks.crc32Loop,b48,0
222,LoopBenchmarks.crc32Loop,b49,0
222,LoopBenchmarks.crc32Loop,b50,0
222,LoopBenchmarks.crc32Loop,b51,0
222,LoopBenchmarks.crc32Loop,b52,0
222,LoopBenchmarks.crc32Loop,b53,0
222,LoopBenchmarks.crc32Loop,b54,0
222,LoopBenchmarks.crc32Loop,b55,0
223,LoopBenchmarks.blurLoop,b3,0
223,LoopBenchmarks.blurLoop,b4,0
223,LoopBenchmarks.blurLoop,b5,0
223,LoopBenchmarks.blurLoop,b6,0
223,LoopBenchmarks.blurLoop,b7,0
223,LoopBenchmarks.blurLoop,b8,0
223,LoopBenchmarks.blurLoop,b10,0
223,LoopBenchmarks.blurLoop,b11,0
223,LoopBenchmarks.blurLoop,b12,0
223,LoopBenchmarks.blurLoop,b13,0
223,LoopBenchmarks.blurLoop,b14,0
223,LoopBenchmarks.blurLoop,b16,0
223,LoopBenchmarks.blurLoop,b17,0
223,LoopBenchmarks.blurLoop,b18,0
223,LoopBenchmarks.blurLoop,b19,0
223,LoopBenchmarks.blurLoop,b20,0
223,LoopBenchmarks.blurLoop,b22,0
223,LoopBenchmarks.blurLoop,b23,0
223,LoopBenchmarks.blurLoop,b24,0
223,LoopBenchmarks.blurLoop,b25,0
223,LoopBenchmarks.blurLoop,b26,0
223,LoopBenchmarks.blurLoop,b27,0
223,LoopBenchmarks.blurLoop,b29,0
223,LoopBenchmarks.blurLoop,b30,0
223,LoopBenchmarks.blurLoop,b31,0
223,LoopBenchmarks.blurLoop,b32,0
223,LoopBenchmarks.blurLoop,b33,0
223,LoopBenchmarks.blurLoop,b35,0
223,LoopBenchmarks.blurLoop,b36,0
223,LoopBenchmarks.blurLoop,b37,0
223,LoopBenchmarks.blurLoop,b38,0
223,LoopBenchmarks.blurLoop,b39,0
223,LoopBenchmarks.blurLoop,b41,0
223,LoopBenchmarks.blurLoop,b42,0
223,LoopBenchmarks.blurLoop,b43,0
223,LoopBenchmarks.blurLoop,b44,0
223,LoopBenchmarks.blurLoop,b45,0
223,LoopBenchmarks.blurLoop,b46,0
223,LoopBenchmarks.blurLoop,b48,0
223,LoopBenchmarks.blurLoop,b49,0
223,LoopBenchmarks.blurLoop,b50,0
223,LoopBenchmarks.blurLoop,b51,0
223,LoopBenchmarks.blurLoop,b52,0
223,LoopBenchmarks.blurLoop,b54,0
223,LoopBenchmarks.blurLoop,b55,0
223,LoopBenchmarks.blurLoop,b56,0
223,LoopBenchmarks.blurLoop,b57,0
223,LoopBenchmarks.blurLoop,b58,0
223,LoopBenchmarks.blurLoop,b60,0
223,LoopBenchmarks.blurLoop,b61,0
223,LoopBenchmarks.blurLoop,b62,0
223,LoopBenchmarks.blurLoop,b63,0
223,LoopBenchmarks.blurLoop,b64,0
223,LoopBenchmarks.blurLoop,b65,0
223,LoopBenchmarks.blurLoop,b67,0
223,LoopBenchmarks.blurLoop,b68,0
223,LoopBenchmarks.blurLoop,b69,1
223,LoopBenchmarks.blurLoop,b70,1
223,LoopBenchmarks.blurLoop,b71,0
223,LoopBenchmarks.blurLoop,b72,2
223,LoopBenchmarks.blurLoop,b73,2
223,LoopBenchmarks.blurLoop,b74,0
223,LoopBenchmarks.blurLoop,b75,3
223,LoopBenchmarks.blurLoop,b76,3
223,LoopBenchmarks.blurLoop,b77,0
223,LoopBenchmarks.polynomialLoop,b19,0
223,LoopBenchmarks.polynomialLoop,b20,0
223,LoopBenchmarks.polynomialLoop,b22,1
223,LoopBenchmarks.polynomialLoop,b23,1
223,LoopBenchmarks.polynomialLoop,b25,2
223,LoopBenchmarks.polynomialLoop,b26,2
224,LoopBenchmarks.polynomialLoop,b3,0
224,LoopBenchmarks.polynomialLoop,b4,0
224,LoopBenchmarks.polynomialLoop,b6,1
224,LoopBenchmarks.polynomialLoop,b7,1
224,LoopBenchmarks.polynomialLoop,b9,2
224,LoopBenchmarks.polynomialLoop,b10,2
228,LoopBenchmarks.base64EncodeLoop,b97,0
228,LoopBenchmarks.base64EncodeLoop,b98,0
228,LoopBenchmarks.base64EncodeLoop,b99,0
228,LoopBenchmarks.base64EncodeLoop,b100,0
228,LoopBenchmarks.base64EncodeLoop,b101,0
228,LoopBenchmarks.base64EncodeLoop,b102,0
225,LoopBenchmarks.main,b5,1
225,LoopBenchmarks.main,b6,1
225,LoopBenchmarks.main,b8,3
225,LoopBenchmarks.main,b9,3
225,LoopBenchmarks.main,b11,4
225,LoopBenchmarks.main,b12,4
225,LoopBenchmarks.main,b15,0
225,LoopBenchmarks.main,b16,0
225,LoopBenchmarks.main,b17,2
225,LoopBenchmarks.main,b18,2
225,LoopBenchmarks.main,b19,2
225,LoopBenchmarks.main,b20,0
229,LoopBenchmarks.base64EncodeLoop,b3,3
229,LoopBenchmarks.base64EncodeLoop,b4,3
229,LoopBenchmarks.base64EncodeLoop,b47,0
229,LoopBenchmarks.base64EncodeLoop,b48,0
229,LoopBenchmarks.base64EncodeLoop,b50,1
229,LoopBenchmarks.base64EncodeLoop,b51,1
229,LoopBenchmarks.base64EncodeLoop,b53,2
229,LoopBenchmarks.base64EncodeLoop,b54,2
230,LoopBenchmarks.main,b55,0
230,LoopBenchmarks.main,b56,0
230,LoopBenchmarks.main,b57,0
230,LoopBenchmarks.main,b58,0
230,LoopBenchmarks.main,b59,0
230,LoopBenchmarks.main,b60,0
230,LoopBenchmarks.main,b61,0
230,LoopBenchmarks.main,b62,0
228,LoopBenchmarks.editDistanceLoop,b12,5
228,LoopBenchmarks.editDistanceLoop,b13,5
228,LoopBenchmarks.editDistanceLoop,b21,6
228,LoopBenchmarks.editDistanceLoop,b22,6
228,LoopBenchmarks.editDistanceLoop,b27,0
228,LoopBenchmarks.editDistanceLoop,b28,0
228,LoopBenchmarks.editDistanceLoop,b30,3
228,LoopBenchmarks.editDistanceLoop,b31,3
228,LoopBenchmarks.editDistanceLoop,b33,4
228,LoopBenchmarks.editDistanceLoop,b34,4
228,LoopBenchmarks.editDistanceLoop,b46,1
228,LoopBenchmarks.editDistanceLoop,b47,1
228,LoopBenchmarks.editDistanceLoop,b48,1
228,LoopBenchmarks.editDistanceLoop,b49,1
228,LoopBenchmarks.editDistanceLoop,b50,1
228,LoopBenchmarks.editDistanceLoop,b52,1
228,LoopBenchmarks.editDistanceLoop,b53,1
228,LoopBenchmarks.editDistanceLoop,b54,1
228,LoopBenchmarks.editDistanceLoop,b55,1
228,LoopBenchmarks.editDistanceLoop,b56,1
228,LoopBenchmarks.editDistanceLoop,b58,1
228,LoopBenchmarks.editDistanceLoop,b59,1
228,LoopBenchmarks.editDistanceLoop,b60,1
228,LoopBenchmarks.editDistanceLoop,b61,1
228,LoopBenchmarks.editDistanceLoop,b62,1
228,LoopBenchmarks.editDistanceLoop,b64,1
228,LoopBenchmarks.editDistanceLoop,b65,1
228,LoopBenchmarks.editDistanceLoop,b66,1
228,LoopBenchmarks.editDistanceLoop,b67,1
228,LoopBenchmarks.editDistanceLoop,b68,1
228,LoopBenchmarks.editDistanceLoop,b70,1
228,LoopBenchmarks.editDistanceLoop,b71,1
228,LoopBenchmarks.editDistanceLoop,b73,1
228,LoopBenchmarks.editDistanceLoop,b74,2
228,LoopBenchmarks.editDistanceLoop,b75,2
228,LoopBenchmarks.editDistanceLoop,b76,2
228,LoopBenchmarks.editDistanceLoop,b77,2
228,LoopBenchmarks.editDistanceLoop,b78,2
228,LoopBenchmarks.editDistanceLoop,b79,1
231,LoopBenchmarks.raySphereLoop,b92,0
231,LoopBenchmarks.raySphereLoop,b93,0
231,LoopBenchmarks.raySphereLoop,b94,0
231,LoopBenchmarks.raySphereLoop,b95,0
231,LoopBenchmarks.raySphereLoop,b96,0
231,LoopBenchmarks.raySphereLoop,b97,0
231,LoopBenchmarks.raySphereLoop,b98,0
231,LoopBenchmarks.raySphereLoop,b99,0
231,LoopBenchmarks.raySphereLoop,b101,0
229,LoopBenchmarks.main,b17,0
229,LoopBenchmarks.main,b18,0
232,LoopBenchmarks.raySphereLoop,b43,0
232,LoopBenchmarks.raySphereLoop,b44,0
232,LoopBenchmarks.raySphereLoop,b45,0
232,LoopBenchmarks.raySphereLoop,b46,0
232,LoopBenchmarks.raySphereLoop,b47,0
232,LoopBenchmarks.raySphereLoop,b48,0
232,LoopBenchmarks.raySphereLoop,b49,0
232,LoopBenchmarks.raySphereLoop,b50,0
232,LoopBenchmarks.raySphereLoop,b52,0
230,LoopBenchmarks.monteCarloPiLoop,b9,0
230,LoopBenchmarks.monteCarloPiLoop,b10,0
230,LoopBenchmarks.monteCarloPiLoop,b11,0
230,LoopBenchmarks.monteCarloPiLoop,b12,0
231,LoopBenchmarks.monteCarloPiLoop,b3,0
231,LoopBenchmarks.monteCarloPiLoop,b4,0
231,LoopBenchmarks.monteCarloPiLoop,b5,0
231,LoopBenchmarks.monteCarloPiLoop,b6,0
232,LoopBenchmarks.monteCarloPiLoop,b9,0
232,LoopBenchmarks.monteCarloPiLoop,b10,0
232,LoopBenchmarks.monteCarloPiLoop,b11,0
232,LoopBenchmarks.monteCarloPiLoop,b12,0
233,LoopBenchmarks.monteCarloPiLoop,b3,0
233,LoopBenchmarks.monteCarloPiLoop,b4,0
233,LoopBenchmarks.monteCarloPiLoop,b5,0
233,LoopBenchmarks.monteCarloPiLoop,b6,0
234,LoopBenchmarks.bubbleSortLoop,b29,2
234,LoopBenchmarks.bubbleSortLoop,b30,2
234,LoopBenchmarks.bubbleSortLoop,b31,2
234,LoopBenchmarks.bubbleSortLoop,b43,0
234,LoopBenchmarks.bubbleSortLoop,b44,0
234,LoopBenchmarks.bubbleSortLoop,b45,1
234,LoopBenchmarks.bubbleSortLoop,b46,1
234,LoopBenchmarks.bubbleSortLoop,b47,1
234,LoopBenchmarks.bubbleSortLoop,b48,1
234,LoopBenchmarks.bubbleSortLoop,b49,1
234,LoopBenchmarks.bubbleSortLoop,b50,0
235,LoopBenchmarks.bubbleSortLoop,b1,0
235,LoopBenchmarks.bubbleSortLoop,b2,0
235,LoopBenchmarks.bubbleSortLoop,b3,1
235,LoopBenchmarks.bubbleSortLoop,b4,1
235,LoopBenchmarks.bubbleSortLoop,b5,1
235,LoopBenchmarks.bubbleSortLoop,b6,1
235,LoopBenchmarks.bubbleSortLoop,b7,1
235,LoopBenchmarks.bubbleSortLoop,b8,0
236,LoopBenchmarks.bubbleSortLoop,b29,2
236,LoopBenchmarks.bubbleSortLoop,b30,2
236,LoopBenchmarks.bubbleSortLoop,b31,2
236,LoopBenchmarks.bubbleSortLoop,b43,0
236,LoopBenchmarks.bubbleSortLoop,b44,0
236,LoopBenchmarks.bubbleSortLoop,b45,0
236,LoopBenchmarks.bubbleSortLoop,b46,0
236,LoopBenchmarks.bubbleSortLoop,b47,0
236,LoopBenchmarks.bubbleSortLoop,b49,0
236,LoopBenchmarks.bubbleSortLoop,b50,0
236,LoopBenchmarks.bubbleSortLoop,b51,0
236,LoopBenchmarks.bubbleSortLoop,b52,0
236,LoopBenchmarks.bubbleSortLoop,b53,0
236,LoopBenchmarks.bubbleSortLoop,b55,0
236,LoopBenchmarks.bubbleSortLoop,b56,0
236,LoopBenchmarks.bubbleSortLoop,b57,1
236,LoopBenchmarks.bubbleSortLoop,b58,1
236,LoopBenchmarks.bubbleSortLoop,b59,1
236,LoopBenchmarks.bubbleSortLoop,b60,0
237,LoopBenchmarks.bubbleSortLoop,b1,0
237,LoopBenchmarks.bubbleSortLoop,b2,0
237,LoopBenchmarks.bubbleSortLoop,b3,0
237,LoopBenchmarks.bubbleSortLoop,b4,0
237,LoopBenchmarks.bubbleSortLoop,b5,0
237,LoopBenchmarks.bubbleSortLoop,b7,0
237,LoopBenchmarks.bubbleSortLoop,b8,0
237,LoopBenchmarks.bubbleSortLoop,b9,0
237,LoopBenchmarks.bubbleSortLoop,b10,0
237,LoopBenchmarks.bubbleSortLoop,b11,0
237,LoopBenchmarks.bubbleSortLoop,b13,0
237,LoopBenchmarks.bubbleSortLoop,b14,0
237,LoopBenchmarks.bubbleSortLoop,b15,1
237,LoopBenchmarks.bubbleSortLoop,b16,1
237,LoopBenchmarks.bubbleSortLoop,b17,1
237,LoopBenchmarks.bubbleSortLoop,b18,0
238,LoopBenchmarks.main,b13,2
238,LoopBenchmarks.main,b14,2
238,LoopBenchmarks.main,b16,5
238,LoopBenchmarks.main,b17,5
238,LoopBenchmarks.main,b19,6
238,LoopBenchmarks.main,b20,6
238,LoopBenchmarks.main,b28,3
238,LoopBenchmarks.main,b29,3
238,LoopBenchmarks.main,b30,3
238,LoopBenchmarks.main,b31,3
238,LoopBenchmarks.main,b32,3
238,LoopBenchmarks.main,b34,3
238,LoopBenchmarks.main,b35,3
238,LoopBenchmarks.main,b36,3
238,LoopBenchmarks.main,b37,3
238,LoopBenchmarks.main,b38,3
238,LoopBenchmarks.main,b40,3
238,LoopBenchmarks.main,b41,3
238,LoopBenchmarks.main,b42,4
238,LoopBenchmarks.main,b43,4
238,LoopBenchmarks.main,b44,4
238,LoopBenchmarks.main,b45,3
238,LoopBenchmarks.main,b47,0
238,LoopBenchmarks.main,b48,0
238,LoopBenchmarks.main,b49,1
238,LoopBenchmarks.main,b50,1
238,LoopBenchmarks.main,b51,1
238,LoopBenchmarks.main,b52,0
239,LoopBenchmarks.main,b15,2
239,LoopBenchmarks.main,b16,2
239,LoopBenchmarks.main,b18,3
239,LoopBenchmarks.main,b19,3
239,LoopBenchmarks.main,b21,4
239,LoopBenchmarks.main,b22,4
239,LoopBenchmarks.main,b31,0
239,LoopBenchmarks.main,b32,0
239,LoopBenchmarks.main,b33,1
239,LoopBenchmarks.main,b34,1
239,LoopBenchmarks.main,b35,1
239,LoopBenchmarks.main,b36,1
239,LoopBenchmarks.main,b37,0
240,LoopBenchmarks.blurLoop,b25,3
240,LoopBenchmarks.blurLoop,b26,3
240,LoopBenchmarks.blurLoop,b27,3
240,LoopBenchmarks.blurLoop,b28,3
240,LoopBenchmarks.blurLoop,b29,3
240,LoopBenchmarks.blurLoop,b30,3
240,LoopBenchmarks.blurLoop,b134,2
240,LoopBenchmarks.blurLoop,b135,2
240,LoopBenchmarks.blurLoop,b137,4
240,LoopBenchmarks.blurLoop,b138,4
240,LoopBenchmarks.blurLoop,b140,5
240,LoopBenchmarks.blurLoop,b141,5
240,LoopBenchmarks.blurLoop,b159,0
240,LoopBenchmarks.blurLoop,b160,0
240,LoopBenchmarks.blurLoop,b161,1
240,LoopBenchmarks.blurLoop,b162,1
240,LoopBenchmarks.blurLoop,b163,1
240,LoopBenchmarks.blurLoop,b164,1
240,LoopBenchmarks.blurLoop,b165,1
240,LoopBenchmarks.blurLoop,b166,1
240,LoopBenchmarks.blurLoop,b167,1
240,LoopBenchmarks.blurLoop,b168,1
240,LoopBenchmarks.blurLoop,b169,1
240,LoopBenchmarks.blurLoop,b170,1
240,LoopBenchmarks.blurLoop,b171,1
240,LoopBenchmarks.blurLoop,b172,1
240,LoopBenchmarks.blurLoop,b173,1
240,LoopBenchmarks.blurLoop,b174,1
240,LoopBenchmarks.blurLoop,b175,1
240,LoopBenchmarks.blurLoop,b176,1
240,LoopBenchmarks.blurLoop,b177,0
241,LoopBenchmarks.blurLoop,b25,0
241,LoopBenchmarks.blurLoop,b26,0
241,LoopBenchmarks.blurLoop,b27,1
241,LoopBenchmarks.blurLoop,b28,1
241,LoopBenchmarks.blurLoop,b29,1
241,LoopBenchmarks.blurLoop,b30,1
241,LoopBenchmarks.blurLoop,b31,1
241,LoopBenchmarks.blurLoop,b32,1
241,LoopBenchmarks.blurLoop,b33,1
241,LoopBenchmarks.blurLoop,b34,1
241,LoopBenchmarks.blurLoop,b35,1
241,LoopBenchmarks.blurLoop,b36,1
241,LoopBenchmarks.blurLoop,b37,1
241,LoopBenchmarks.blurLoop,b38,1
241,LoopBenchmarks.blurLoop,b39,0
242,LoopBenchmarks.blurLoop,b20,4
242,LoopBenchmarks.blurLoop,b21,4
242,LoopBenchmarks.blurLoop,b22,4
242,LoopBenchmarks.blurLoop,b36,3
242,LoopBenchmarks.blurLoop,b37,3
242,LoopBenchmarks.blurLoop,b38,3
242,LoopBenchmarks.blurLoop,b39,3
242,LoopBenchmarks.blurLoop,b40,3
242,LoopBenchmarks.blurLoop,b41,3
242,LoopBenchmarks.blurLoop,b141,2
242,LoopBenchmarks.blurLoop,b142,2
242,LoopBenchmarks.blurLoop,b144,5
242,LoopBenchmarks.blurLoop,b145,5
242,LoopBenchmarks.blurLoop,b147,6
242,LoopBenchmarks.blurLoop,b148,6
242,LoopBenchmarks.blurLoop,b166,0
242,LoopBenchmarks.blurLoop,b167,0
242,LoopBenchmarks.blurLoop,b168,0
242,LoopBenchmarks.blurLoop,b169,0
242,LoopBenchmarks.blurLoop,b170,0
242,LoopBenchmarks.blurLoop,b171,0
242,LoopBenchmarks.blurLoop,b173,0
242,LoopBenchmarks.blurLoop,b174,0
242,LoopBenchmarks.blurLoop,b175,0
242,LoopBenchmarks.blurLoop,b176,0
242,LoopBenchmarks.blurLoop,b177,0
242,LoopBenchmarks.blurLoop,b179,0
242,LoopBenchmarks.blurLoop,b180,0
242,LoopBenchmarks.blurLoop,b181,0
242,LoopBenchmarks.blurLoop,b182,0
242,LoopBenchmarks.blurLoop,b183,0
242,LoopBenchmarks.blurLoop,b185,0
242,LoopBenchmarks.blurLoop,b186,0
242,LoopBenchmarks.blurLoop,b187,0
242,LoopBenchmarks.blurLoop,b188,0
242,LoopBenchmarks.blurLoop,b189,0
242,LoopBenchmarks.blurLoop,b190,0
242,LoopBenchmarks.blurLoop,b192,0
242,LoopBenchmarks.blurLoop,b193,0
242,LoopBenchmarks.blurLoop,b194,0
242,LoopBenchmarks.blurLoop,b195,0
242,LoopBenchmarks.blurLoop,b196,0
242,LoopBenchmarks.blurLoop,b198,0
242,LoopBenchmarks.blurLoop,b199,0
242,LoopBenchmarks.blurLoop,b200,0
242,LoopBenchmarks.blurLoop,b201,0
242,LoopBenchmarks.blurLoop,b202,0
242,LoopBenchmarks.blurLoop,b204,0
242,LoopBenchmarks.blurLoop,b205,0
242,LoopBenchmarks.blurLoop,b206,0
242,LoopBenchmarks.blurLoop,b207,0
242,LoopBenchmarks.blurLoop,b208,0
242,LoopBenchmarks.blurLoop,b209,0
242,LoopBenchmarks.blurLoop,b211,0
242,LoopBenchmarks.blurLoop,b212,0
242,LoopBenchmarks.blurLoop,b213,0
242,LoopBenchmarks.blurLoop,b214,0
242,LoopBenchmarks.blurLoop,b215,0
242,LoopBenchmarks.blurLoop,b217,0
242,LoopBenchmarks.blurLoop,b218,0
242,LoopBenchmarks.blurLoop,b219,0
242,LoopBenchmarks.blurLoop,b220,0
242,LoopBenchmarks.blurLoop,b221,0
242,LoopBenchmarks.blurLoop,b223,0
242,LoopBenchmarks.blurLoop,b224,0
242,LoopBenchmarks.blurLoop,b225,0
242,LoopBenchmarks.blurLoop,b226,0
242,LoopBenchmarks.blurLoop,b227,0
242,LoopBenchmarks.blurLoop,b228,0
242,LoopBenchmarks.blurLoop,b230,0
242,LoopBenchmarks.blurLoop,b231,0
242,LoopBenchmarks.blurLoop,b232,1
242,LoopBenchmarks.blurLoop,b233,1
242,LoopBenchmarks.blurLoop,b234,0
242,LoopBenchmarks.blurLoop,b235,7
242,LoopBenchmarks.blurLoop,b236,7
242,LoopBenchmarks.blurLoop,b237,0
242,LoopBenchmarks.blurLoop,b238,8
242,LoopBenchmarks.blurLoop,b239,8
242,LoopBenchmarks.blurLoop,b240,0
243,LoopBenchmarks.blurLoop,b3,0
243,LoopBenchmarks.blurLoop,b4,0
243,LoopBenchmarks.blurLoop,b5,0
243,LoopBenchmarks.blurLoop,b6,0
243,LoopBenchmarks.blurLoop,b7,0
243,LoopBenchmarks.blurLoop,b8,0
243,LoopBenchmarks.blurLoop,b10,0
243,LoopBenchmarks.blurLoop,b11,0
243,LoopBenchmarks.blurLoop,b12,0
243,LoopBenchmarks.blurLoop,b13,0
243,LoopBenchmarks.blurLoop,b14,0
243,LoopBenchmarks.blurLoop,b16,0
243,LoopBenchmarks.blurLoop,b17,0
243,LoopBenchmarks.blurLoop,b18,0
243,LoopBenchmarks.blurLoop,b19,0
243,LoopBenchmarks.blurLoop,b20,0
243,LoopBenchmarks.blurLoop,b22,0
243,LoopBenchmarks.blurLoop,b23,0
243,LoopBenchmarks.blurLoop,b24,0
243,LoopBenchmarks.blurLoop,b25,0
243,LoopBenchmarks.blurLoop,b26,0
243,LoopBenchmarks.blurLoop,b27,0
243,LoopBenchmarks.blurLoop,b29,0
243,LoopBenchmarks.blurLoop,b30,0
243,LoopBenchmarks.blurLoop,b31,0
243,LoopBenchmarks.blurLoop,b32,0
243,LoopBenchmarks.blurLoop,b33,0
243,LoopBenchmarks.blurLoop,b35,0
243,LoopBenchmarks.blurLoop,b36,0
243,LoopBenchmarks.blurLoop,b37,0
243,LoopBenchmarks.blurLoop,b38,0
243,LoopBenchmarks.blurLoop,b39,0
243,LoopBenchmarks.blurLoop,b41,0
243,LoopBenchmarks.blurLoop,b42,0
243,LoopBenchmarks.blurLoop,b43,0
243,LoopBenchmarks.blurLoop,b44,0
243,LoopBenchmarks.blurLoop,b45,0
243,LoopBenchmarks.blurLoop,b46,0
243,LoopBenchmarks.blurLoop,b48,0
243,LoopBenchmarks.blurLoop,b49,0
243,LoopBenchmarks.blurLoop,b50,0
243,LoopBenchmarks.blurLoop,b51,0
243,LoopBenchmarks.blurLoop,b52,0
243,LoopBenchmarks.blurLoop,b54,0
243,LoopBenchmarks.blurLoop,b55,0
243,LoopBenchmarks.blurLoop,b56,0
243,LoopBenchmarks.blurLoop,b57,0
243,LoopBenchmarks.blurLoop,b58,0
243,LoopBenchmarks.blurLoop,b60,0
243,LoopBenchmarks.blurLoop,b61,0
243,LoopBenchmarks.blurLoop,b62,0
243,LoopBenchmarks.blurLoop,b63,0
243,LoopBenchmarks.blurLoop,b64,0
243,LoopBenchmarks.blurLoop,b65,0
243,LoopBenchmarks.blurLoop,b67,0
243,LoopBenchmarks.blurLoop,b68,0
243,LoopBenchmarks.blurLoop,b69,1
243,LoopBenchmarks.blurLoop,b70,1
243,LoopBenchmarks.blurLoop,b71,0
243,LoopBenchmarks.blurLoop,b72,2
243,LoopBenchmarks.blurLoop,b73,2
243,LoopBenchmarks.blurLoop,b74,0
243,LoopBenchmarks.blurLoop,b75,3
243,LoopBenchmarks.blurLoop,b76,3
243,LoopBenchmarks.blurLoop,b77,0
248,LoopBenchmarks.base64EncodeLoop,b97,0
248,LoopBenchmarks.base64EncodeLoop,b98,0
248,LoopBenchmarks.base64EncodeLoop,b99,0
248,LoopBenchmarks.base64EncodeLoop,b100,0
248,LoopBenchmarks.base64EncodeLoop,b101,0
248,LoopBenchmarks.base64EncodeLoop,b102,0
249,LoopBenchmarks.base64EncodeLoop,b3,3
249,LoopBenchmarks.base64EncodeLoop,b4,3
249,LoopBenchmarks.base64EncodeLoop,b48,0
249,LoopBenchmarks.base64EncodeLoop,b49,0
249,LoopBenchmarks.base64EncodeLoop,b51,1
249,LoopBenchmarks.base64EncodeLoop,b52,1
249,LoopBenchmarks.base64EncodeLoop,b54,2
249,LoopBenchmarks.base64EncodeLoop,b55,2
250,LoopBenchmarks.base64EncodeLoop,b97,0
250,LoopBenchmarks.base64EncodeLoop,b98,0
250,LoopBenchmarks.base64EncodeLoop,b99,0
250,LoopBenchmarks.base64EncodeLoop,b100,0
250,LoopBenchmarks.base64EncodeLoop,b101,0
250,LoopBenchmarks.base64EncodeLoop,b102,0
251,LoopBenchmarks.base64EncodeLoop,b3,3
251,LoopBenchmarks.base64EncodeLoop,b4,3
251,LoopBenchmarks.base64EncodeLoop,b47,0
251,LoopBenchmarks.base64EncodeLoop,b48,0
251,LoopBenchmarks.base64EncodeLoop,b50,1
251,LoopBenchmarks.base64EncodeLoop,b51,1
251,LoopBenchmarks.base64EncodeLoop,b53,2
251,LoopBenchmarks.base64EncodeLoop,b54,2
252,LoopBenchmarks.main,b55,0
252,LoopBenchmarks.main,b56,0
252,LoopBenchmarks.main,b57,0
252,LoopBenchmarks.main,b58,0
252,LoopBenchmarks.main,b59,0
252,LoopBenchmarks.main,b60,0
252,LoopBenchmarks.main,b61,0
252,LoopBenchmarks.main,b62,0
253,LoopBenchmarks.raySphereLoop,b92,0
253,LoopBenchmarks.raySphereLoop,b93,0
253,LoopBenchmarks.raySphereLoop,b94,0
253,LoopBenchmarks.raySphereLoop,b95,0
253,LoopBenchmarks.raySphereLoop,b96,0
253,LoopBenchmarks.raySphereLoop,b97,0
253,LoopBenchmarks.raySphereLoop,b98,0
253,LoopBenchmarks.raySphereLoop,b99,0
253,LoopBenchmarks.raySphereLoop,b101,0
254,LoopBenchmarks.raySphereLoop,b43,0
254,LoopBenchmarks.raySphereLoop,b44,0
254,LoopBenchmarks.raySphereLoop,b45,0
254,LoopBenchmarks.raySphereLoop,b46,0
254,LoopBenchmarks.raySphereLoop,b47,0
254,LoopBenchmarks.raySphereLoop,b48,0
254,LoopBenchmarks.raySphereLoop,b49,0
254,LoopBenchmarks.raySphereLoop,b50,0
254,LoopBenchmarks.raySphereLoop,b52,0
255,LoopBenchmarks.raySphereLoop,b92,0
255,LoopBenchmarks.raySphereLoop,b93,0
255,LoopBenchmarks.raySphereLoop,b94,0
255,LoopBenchmarks.raySphereLoop,b95,0
255,LoopBenchmarks.raySphereLoop,b96,0
255,LoopBenchmarks.raySphereLoop,b97,0
255,LoopBenchmarks.raySphereLoop,b98,0
255,LoopBenchmarks.raySphereLoop,b99,0
255,LoopBenchmarks.raySphereLoop,b101,0
256,LoopBenchmarks.raySphereLoop,b43,0
256,LoopBenchmarks.raySphereLoop,b44,0
256,LoopBenchmarks.raySphereLoop,b45,0
256,LoopBenchmarks.raySphereLoop,b46,0
256,LoopBenchmarks.raySphereLoop,b47,0
256,LoopBenchmarks.raySphereLoop,b48,0
256,LoopBenchmarks.raySphereLoop,b49,0
256,LoopBenchmarks.raySphereLoop,b50,0
256,LoopBenchmarks.raySphereLoop,b52,0
