"vtune_block_id","graal_id","pos_index","address_timed","asm_timed_raw","time_sec","address_summary","asm_summary_raw","has_source","source"
"200","","0","","nop dword ptr [rax+rax*1]","","","","",""
"200","","1","","mov dword ptr [r15+0x484], 0xfffffff5","","","","",""
"200","","2","","mov qword ptr [r15+0x490], 0x0","","","","",""
"200","","3","","call 0x7faf2805417a","","","","",""
"16","100","0","","nop dword ptr [rax]","0.256","","nop word ptr [rax + rax]; cmp dword ptr [r11 + 0xc], 6; jb 0x15","",""
"16","100","1","","cmp dword ptr [r11+0xc], 0x6","0.148","","","",""
"16","100","2","","jb 0x7faf280c3308 <Block 149>","0.208","","","",""
"111","114","0","","mov r11, rsi","0.015","","mov r11, rsi; mov edx, dword ptr [rsp + 0x30]; nop; nop; nop; call 0xc; nop dword ptr [rax + rax]; test eax, eax; jne 8","",""
"111","114","1","","mov edx, dword ptr [rsp+0x30]","0.013","","","",""
"111","114","2","","data16 nop","0.029","","","",""
"111","114","3","","nop","0.021","","","",""
"111","114","4","","data16 nop","0.028","","","",""
"111","114","5","","call 0x7faf2804e380 <resolve_opt_virtual_call>","0.015","","","",""
"232","","0","","nop dword ptr [rax+rax*1]","","","","",""
"232","","1","","mov dword ptr [r15+0x484], 0xfffffff5","","","","",""
"232","","2","","mov qword ptr [r15+0x490], 0x0","","","","",""
"232","","3","","call 0x7faf2805417a","","","","",""
"17","102","0","","cmp byte ptr [r11+0x15], 0x0","0.188","","cmp byte ptr [r11 + 0x15], 0; jne 0xb","",""
"17","102","1","","jnz 0x7faf280c2a9f <Block 50>","0.223","","","",""
"112","","0","","nop dword ptr [rax+rax*1+0x2b000af8]","0.032","","","",""
"112","","1","","test eax, eax","0.018","","","",""
"112","","2","","jnz 0x7faf280c31f6 <Block 133>","","","","",""
"233","","0","","nop dword ptr [rax+rax*1]","","","","",""
"233","","1","","call 0x7faf280b4600 <Stub<ExceptionHandlerStub::exceptionHandler>>","","","","",""
"18","120","0","","nop word ptr [rax+rax*1]","0.206","","nop word ptr [rax + rax]; cmp dword ptr [r11 + 0xc], 7; jb 0x15","",""
"18","120","1","","cmp dword ptr [r11+0xc], 0x7","0.219","","","",""
"18","120","2","","jb 0x7faf280c3251 <Block 139>","0.212","","","",""
"230","","0","","nop dword ptr [rax+rax*1]","","","","",""
"230","","1","","mov dword ptr [r15+0x484], 0xfffffff5","","","","",""
"230","","2","","mov qword ptr [r15+0x490], 0x0","","","","",""
"230","","3","","call 0x7faf2805417a","","","","",""
"19","122","0","","cmp byte ptr [r11+0x16], 0x0","0.195","","cmp byte ptr [r11 + 0x16], 0; jne 0xb","",""
"19","122","1","","jnz 0x7faf280c2aff <Block 55>","0.213","","","",""
"110","112","0","","mov ebx, dword ptr [rsp+0x34]","0.035","","mov ebx, dword ptr [rsp + 0x34]; mov dword ptr [r9*8 + 0x24], ebx; mov byte ptr [r11 + 0x15], 0; mov byte ptr [r10 + rdx*8 + 0x10], 0; mov byte ptr [rcx + r8*8 + 0x10], 0; cmp ebx, 7; je 9","",""
"110","112","1","","mov dword ptr [r9*8+0x24], ebx","0.020","","","",""
"110","112","2","","mov byte ptr [r11+0x15], 0x0","0.029","","","",""
"110","112","3","","mov byte ptr [r10+rdx*8+0x10], 0x0","0.027","","","",""
"110","112","4","","mov byte ptr [rcx+r8*8+0x10], 0x0","0.038","","","",""
"110","112","5","","cmp ebx, 0x7","0.019","","","",""
"110","112","6","","jz 0x7faf280c3212 <Block 135>","","","","",""
"231","","0","","nop dword ptr [rax+rax*1]","","","","",""
"231","","1","","mov dword ptr [r15+0x484], 0xfffffff5","","","","",""
"231","","2","","mov qword ptr [r15+0x490], 0x0","","","","",""
"231","","3","","call 0x7faf2805417a","","","","",""
"12","62","0","","mov edx, dword ptr [rsp+0x34]","0.268","","mov edx, dword ptr [rsp + 0x34]; lea r10d, [rdx + 4]; mov dword ptr [rsp + 0x10], r10d; lea r9d, [rdx + 3]; mov dword ptr [rsp + 0xc], r9d; cmp byte ptr [r11 + 0x13], 0; jne 0xb","",""
"12","62","1","","lea r10d, ptr [rdx+0x4]","0.179","","","",""
"12","62","2","","mov dword ptr [rsp+0x10], r10d","0.257","","","",""
"12","62","3","","lea r9d, ptr [rdx+0x3]","0.191","","","",""
"12","62","4","","mov dword ptr [rsp+0xc], r9d","0.231","","","",""
"12","62","5","","cmp byte ptr [r11+0x13], 0x0","0.198","","","",""
"12","62","6","","jnz 0x7faf280c2a05 <Block 40>","0.231","","","",""
"13","63","0","","mov r8d, r10d","0.113","","mov r8d, r10d","",""
"14","80","0","","cmp dword ptr [r11+0xc], 0x5","0.312","","nop; cmp dword ptr [r11 + 0xc], 5; jb 0xe","",""
"14","80","1","","jb 0x7faf280c32be <Block 145>","0.147","","","",""
"15","82","0","","cmp byte ptr [r11+0x14], 0x0","0.198","","cmp byte ptr [r11 + 0x14], 0; jne 0xb","",""
"15","82","1","","jnz 0x7faf280c2a54 <Block 45>","0.215","","","",""
"10","43","0","","mov r8d, r10d","0.100","","mov r8d, r10d","",""
"11","60","0","","cmp dword ptr [r11+0xc], 0x4","0.219","","cmp dword ptr [r11 + 0xc], 4; jb 0xb","",""
"11","60","1","","jb 0x7faf280c348d <Block 170>","0.148","","","",""
"104","","0","","nop dword ptr [rax+rax*1+0x26000a30]","0.028","","","",""
"104","","1","","test eax, eax","0.025","","","",""
"104","","2","","jnz 0x7faf280c31f6 <Block 133>","","","","",""
"225","","0","","nop dword ptr [rax+rax*1]","","","","",""
"225","","1","","mov dword ptr [r15+0x484], 0xfffffff5","","","","",""
"225","","2","","mov qword ptr [r15+0x490], 0x0","","","","",""
"225","","3","","call 0x7faf2805417a","","","","",""
"105","95","0","","mov r10d, dword ptr [rsp+0x10]","0.018","","mov r10d, dword ptr [rsp + 0x10]; mov rsi, qword ptr [rsp]; mov edx, dword ptr [rsi + 0x10]; mov r11d, dword ptr [rdx*8 + 0xc]; mov r8d, dword ptr [rsi + 0xc]; cmp r10d, dword ptr [r8*8 + 0xc]; jae 0xe","",""
"105","95","1","","mov rsi, qword ptr [rsp]","0.039","","","",""
"105","95","2","","mov edx, dword ptr [rsi+0x10]","0.029","","","",""
"105","95","3","","mov r11d, dword ptr [rdx*8+0xc]","0.017","","","",""
"105","95","4","","mov r8d, dword ptr [rsi+0xc]","0.043","","","",""
"105","95","5","","cmp r10d, dword ptr [r8*8+0xc]","0.039","","","",""
"105","95","6","","jnb 0x7faf280c343b <Block 165>","","","","",""
"226","","0","","nop dword ptr [rax+rax*1]","","","","",""
"226","","1","","mov dword ptr [r15+0x484], 0xfffffff5","","","","",""
"226","","2","","mov qword ptr [r15+0x490], 0x0","","","","",""
"226","","3","","call 0x7faf2805417a","","","","",""
"102","92","0","","mov ebx, dword ptr [rsp+0x34]","0.031","","mov ebx, dword ptr [rsp + 0x34]; mov dword ptr [rcx*8 + 0x20], ebx; mov byte ptr [r11 + 0x14], 0; mov byte ptr [r8 + rdx*8 + 0x10], 0; mov byte ptr [r9 + r10*8 + 0x10], 0; cmp ebx, 7; je 9","",""
"102","92","1","","mov dword ptr [rcx*8+0x20], ebx","0.024","","","",""
"102","92","2","","mov byte ptr [r11+0x14], 0x0","0.044","","","",""
"102","92","3","","mov byte ptr [r8+rdx*8+0x10], 0x0","0.023","","","",""
"102","92","4","","mov byte ptr [r9+r10*8+0x10], 0x0","0.024","","","",""
"102","92","5","","cmp ebx, 0x7","0.020","","","",""
"102","92","6","","jz 0x7faf280c3212 <Block 135>","","","","",""
"223","","0","","nop dword ptr [rax+rax*1]","","","","",""
"223","","1","","mov dword ptr [r15+0x484], 0xfffffff5","","","","",""
"223","","2","","mov qword ptr [r15+0x490], 0x0","","","","",""
"223","","3","","call 0x7faf2805417a","","","","",""
"103","94","0","","mov r11, rsi","0.018","","mov r11, rsi; mov edx, dword ptr [rsp + 0x30]; nop; call 6; nop dword ptr [rax + rax]; test eax, eax; jne 8","",""
"103","94","1","","mov edx, dword ptr [rsp+0x30]","0.027","","","",""
"103","94","2","","nop","0.023","","","",""
"103","94","3","","call 0x7faf2804e380 <resolve_opt_virtual_call>","0.011","","","",""
"224","","0","","nop dword ptr [rax+rax*1]","","","","",""
"224","","1","","mov dword ptr [r15+0x484], 0xfffffff5","","","","",""
"224","","2","","mov qword ptr [r15+0x490], 0x0","","","","",""
"224","","3","","data16 nop","","","","",""
"224","","4","","call 0x7faf2805417a","","","","",""
"108","99","0","","mov byte ptr [rdx*8+0x14], 0x1","0.022","","mov byte ptr [rdx*8 + 0x14], 1; mov byte ptr [r10 + r8*8 + 0x10], 1; mov byte ptr [r9 + rcx*8 + 0x10], 1; shl rdx, 3; mov r11, rdx; jmp 0xfffffffffffff8e3","",""
"108","99","1","","mov byte ptr [r10+r8*8+0x10], 0x1","0.084","","","",""
"108","99","2","","mov byte ptr [r9+rcx*8+0x10], 0x1","0.043","","","",""
"108","99","3","","shl rdx, 0x3","0.013","","","",""
"108","99","4","","mov r11, rdx","0.021","","","",""
"108","99","5","","jmp 0x7faf280c2899 <Block 16>","0.035","","","",""
"229","","0","","nop dword ptr [rax+rax*1]","","","","",""
"229","","1","","mov dword ptr [r15+0x484], 0xfffffff5","","","","",""
"229","","2","","mov qword ptr [r15+0x490], 0x0","","","","",""
"229","","3","","call 0x7faf2805417a","","","","",""
"109","110","0","","mov r9d, dword ptr [rsi+0x18]","0.024","","mov r9d, dword ptr [rsi + 0x18]; nop dword ptr [rax]; cmp dword ptr [r9*8 + 0xc], 6; jb 0x13","",""
"109","110","1","","nop dword ptr [rax]","0.037","","","",""
"109","110","2","","cmp dword ptr [r9*8+0xc], 0x6","0.017","","","",""
"109","110","3","","jb 0x7faf280c3308 <Block 149>","0.043","","","",""
"106","96","0","","mov r9d, dword ptr [rsp+0xc]","0.069","","mov r9d, dword ptr [rsp + 0xc]; mov ecx, dword ptr [rsi + 0x14]; nop; cmp r9d, dword ptr [rcx*8 + 0xc]; jae 0x10","",""
"106","96","1","","mov ecx, dword ptr [rsi+0x14]","0.016","","","",""
"106","96","2","","data16 nop","0.025","","","",""
"106","96","3","","cmp r9d, dword ptr [rcx*8+0xc]","0.026","","","",""
"106","96","4","","jnb 0x7faf280c343b <Block 165>","","","","",""
"227","","0","","nop dword ptr [rax+rax*1]","","","","",""
"227","","1","","mov dword ptr [r15+0x484], 0xfffffff5","","","","",""
"227","","2","","mov qword ptr [r15+0x490], 0x0","","","","",""
"227","","3","","call 0x7faf2805417a","","","","",""
"107","97","0","","cmp r11d, 0x5","0.052","","cmp r11d, 5; jb 0xa","",""
"107","97","1","","jb 0x7faf280c343b <Block 165>","","","","",""
"228","","0","","nop dword ptr [rax+rax*1]","","","","",""
"228","","1","","mov dword ptr [r15+0x484], 0xfffffff5","","","","",""
"228","","2","","mov qword ptr [r15+0x490], 0x0","","","","",""
"228","","3","","call 0x7faf2805417a","","","","",""
"240","","0","","jmp 0x7faf280c3c00 <Block 240>","","","","",""
"122","136","0","","mov r9d, dword ptr [rsp+0x30]","0.119","","mov r9d, dword ptr [rsp + 0x30]; mov ecx, dword ptr [rsi + 0x14]; nop; cmp r9d, dword ptr [rcx*8 + 0xc]; jae 0x10","",""
"122","136","1","","mov ecx, dword ptr [rsi+0x14]","0.030","","","",""
"122","136","2","","data16 nop","0.010","","","",""
"122","136","3","","cmp r9d, dword ptr [rcx*8+0xc]","0.006","","","",""
"122","136","4","","jnb 0x7faf280c3414 <Block 163>","","","","",""
"243","","0","","mov rbx, 0x0","","","","",""
"123","137","0","","cmp r11d, 0x7","0.084","","cmp r11d, 7; jb 0xa","",""
"123","137","1","","jb 0x7faf280c3414 <Block 163>","","","","",""
"244","","0","","jmp 0x7faf280c3c1e <Block 244>","","","","",""
"120","","0","","nop dword ptr [rax+rax*1+0x30000bb0]","0.030","","","",""
"120","","1","","test eax, eax","0.022","","","",""
"120","","2","","jnz 0x7faf280c31f6 <Block 133>","","","","",""
"241","","0","","mov rbx, 0x0","","","","",""
"121","135","0","","mov r10d, dword ptr [rsp+0x1c]","0.024","","mov r10d, dword ptr [rsp + 0x1c]; mov rsi, qword ptr [rsp]; mov edx, dword ptr [rsi + 0x10]; mov r11d, dword ptr [rdx*8 + 0xc]; mov r8d, dword ptr [rsi + 0xc]; cmp r10d, dword ptr [r8*8 + 0xc]; jae 0xe","",""
"121","135","1","","mov rsi, qword ptr [rsp]","0.063","","","",""
"121","135","2","","mov edx, dword ptr [rsi+0x10]","0.013","","","",""
"121","135","3","","mov r11d, dword ptr [rdx*8+0xc]","0.026","","","",""
"121","135","4","","mov r8d, dword ptr [rsi+0xc]","0.135","","","",""
"121","135","5","","cmp r10d, dword ptr [r8*8+0xc]","0.025","","","",""
"121","135","6","","jnb 0x7faf280c3414 <Block 163>","","","","",""
"242","","0","","jmp 0x7faf280c3c0f <Block 242>","","","","",""
"4","2","0","","mov r11d, r10d","0.185","","mov r11d, r10d; shl r11, 3; mov r8d, edx; inc r8d; mov dword ptr [rsp + 0x30], r8d; lea r9d, [rdx + 7]; mov dword ptr [rsp + 0x2c], r9d; nop word ptr [rax + rax]; cmp byte ptr [r10*8 + 0x10], 0; jne 0x1a","",""
"4","2","1","","shl r11, 0x3","0.240","","","",""
"4","2","2","","mov r8d, edx","0.209","","","",""
"4","2","3","","inc r8d","0.234","","","",""
"4","2","4","","mov dword ptr [rsp+0x30], r8d","0.179","","","",""
"4","2","5","","lea r9d, ptr [rdx+0x7]","0.249","","","",""
"4","2","6","","mov dword ptr [rsp+0x2c], r9d","0.212","","","",""
"4","2","7","","cmp byte ptr [r10*8+0x10], 0x0","0.245","","","",""
"4","2","8","","jnz 0x7faf280c2912 <Block 25>","0.408","","","",""
"3","0","0","","mov qword ptr [rsp+0x40], rbp","0.220","","mov qword ptr [rsp + 0x40], rbp; mov qword ptr [rsp], rsi; mov dword ptr [rsp + 0x34], edx; mov r10d, dword ptr [rsi + 0x10]; cmp dword ptr [r10*8 + 0xc], 0; je 0xf","",""
"3","0","1","","mov qword ptr [rsp], rsi","0.240","","","",""
"3","0","2","","mov dword ptr [rsp+0x34], edx","0.275","","","",""
"3","0","3","","mov r10d, dword ptr [rsi+0x10]","0.164","","","",""
"3","0","4","","cmp dword ptr [r10*8+0xc], 0x0","0.255","","","",""
"3","0","5","","jz 0x7faf280c322e <Block 137>","0.468","","","",""
"6","22","0","","lea r10d, ptr [rdx+0x6]","0.163","","lea r10d, [rdx + 6]; mov dword ptr [rsp + 0x1c], r10d; cmp byte ptr [r11 + 0x11], 0; jne 0xb","",""
"6","22","1","","mov dword ptr [rsp+0x1c], r10d","0.189","","","",""
"6","22","2","","cmp byte ptr [r11+0x11], 0x0","0.222","","","",""
"6","22","3","","jnz 0x7faf280c295f <Block 30>","0.252","","","",""
"5","20","0","","cmp dword ptr [r11+0xc], 0x2","0.213","","cmp dword ptr [r11 + 0xc], 2; jb 0xb","",""
"5","20","1","","jb 0x7faf280c3278 <Block 141>","0.233","","","",""
"8","40","0","","cmp dword ptr [r11+0xc], 0x3","0.278","","nop word ptr [rax + rax]; cmp dword ptr [r11 + 0xc], 3; jb 0x15","",""
"8","40","1","","jb 0x7faf280c349f <Block 172>","0.190","","","",""
"7","23","0","","mov r8d, dword ptr [rsp+0x30]","0.145","","mov r8d, dword ptr [rsp + 0x30]; mov r9d, r10d","",""
"7","23","1","","mov r9d, r10d","0.212","","","",""
"9","42","0","","mov edx, dword ptr [rsp+0x34]","0.155","","mov edx, dword ptr [rsp + 0x34]; lea r10d, [rdx + 5]; mov dword ptr [rsp + 0x18], r10d; lea ecx, [rdx + 2]; mov dword ptr [rsp + 0x14], ecx; nop; cmp byte ptr [r11 + 0x12], 0; jne 0xc","",""
"9","42","1","","lea r10d, ptr [rdx+0x5]","0.231","","","",""
"9","42","2","","mov dword ptr [rsp+0x18], r10d","0.309","","","",""
"9","42","3","","lea ecx, ptr [rdx+0x2]","0.174","","","",""
"9","42","4","","mov dword ptr [rsp+0x14], ecx","0.144","","","",""
"9","42","5","","cmp byte ptr [r11+0x12], 0x0","0.239","","","",""
"9","42","6","","jnz 0x7faf280c29b4 <Block 35>","0.312","","","",""
"115","117","0","","cmp r11d, 0x6","0.048","","cmp r11d, 6; jb 0xa","",""
"115","117","1","","jb 0x7faf280c337d <Block 155>","","","","",""
"236","","0","","jmp 0x7faf280c3be2 <Block 236>","","","","",""
"116","119","0","","mov byte ptr [rdx*8+0x15], 0x1","0.032","","mov byte ptr [rdx*8 + 0x15], 1; mov byte ptr [r10 + r8*8 + 0x10], 1; mov byte ptr [rcx + r9*8 + 0x10], 1; shl rdx, 3; mov r11, rdx; jmp 0xfffffffffffff83d","",""
"116","119","1","","mov byte ptr [r10+r8*8+0x10], 0x1","0.043","","","",""
"116","119","2","","mov byte ptr [rcx+r9*8+0x10], 0x1","0.037","","","",""
"116","119","3","","shl rdx, 0x3","0.039","","","",""
"116","119","4","","mov r11, rdx","0.012","","","",""
"116","119","5","","jmp 0x7faf280c28b6 <Block 18>","0.011","","","",""
"237","","0","","mov rbx, 0x0","","","","",""
"113","115","0","","mov r10d, dword ptr [rsp+0x18]","0.030","","mov r10d, dword ptr [rsp + 0x18]; mov rsi, qword ptr [rsp]; mov edx, dword ptr [rsi + 0x10]; mov r11d, dword ptr [rdx*8 + 0xc]; mov r8d, dword ptr [rsi + 0xc]; cmp r10d, dword ptr [r8*8 + 0xc]; jae 0xe","",""
"113","115","1","","mov rsi, qword ptr [rsp]","0.041","","","",""
"113","115","2","","mov edx, dword ptr [rsi+0x10]","0.023","","","",""
"113","115","3","","mov r11d, dword ptr [rdx*8+0xc]","0.034","","","",""
"113","115","4","","mov r8d, dword ptr [rsi+0xc]","0.078","","","",""
"113","115","5","","cmp r10d, dword ptr [r8*8+0xc]","0.015","","","",""
"113","115","6","","jnb 0x7faf280c337d <Block 155>","","","","",""
"234","","0","","hlt","","","","",""
"234","","1","","call 0x7faf28053f20 <DeoptimizationBlob>","","","","",""
"114","116","0","","mov ecx, dword ptr [rsp+0x14]","0.090","","mov ecx, dword ptr [rsp + 0x14]; mov r9d, dword ptr [rsi + 0x14]; cmp ecx, dword ptr [r9*8 + 0xc]; jae 0xe","",""
"114","116","1","","mov r9d, dword ptr [rsi+0x14]","0.026","","","",""
"114","116","2","","cmp ecx, dword ptr [r9*8+0xc]","0.006","","","",""
"114","116","3","","jnb 0x7faf280c337d <Block 155>","","","","",""
"235","","0","","hlt","","","","",""
"235","","1","","hlt","","","","",""
"235","","2","","hlt","","","","",""
"235","","3","","hlt","","","","",""
"235","","4","","hlt","","","","",""
"235","","5","","hlt","","","","",""
"235","","6","","hlt","","","","",""
"235","","7","","hlt","","","","",""
"235","","8","","mov rbx, 0x0","","","","",""
"119","134","0","","mov r11, rsi","0.057","","mov r11, rsi; mov edx, r8d; nop; call 6; nop dword ptr [rax + rax]; test eax, eax; jne 8","",""
"119","134","1","","mov edx, r8d","0.025","","","",""
"119","134","2","","nop","0.030","","","",""
"119","134","3","","call 0x7faf2804e380 <resolve_opt_virtual_call>","0.025","","","",""
"117","130","0","","mov ecx, dword ptr [rsi+0x18]","0.024","","mov ecx, dword ptr [rsi + 0x18]; cmp dword ptr [rcx*8 + 0xc], 7; jb 0xe","",""
"117","130","1","","cmp dword ptr [rcx*8+0xc], 0x7","0.034","","","",""
"117","130","2","","jb 0x7faf280c3251 <Block 139>","0.061","","","",""
"238","","0","","jmp 0x7faf280c3bf1 <Block 238>","","","","",""
"118","132","0","","mov ebx, dword ptr [rsp+0x34]","0.019","","mov ebx, dword ptr [rsp + 0x34]; mov dword ptr [rcx*8 + 0x28], ebx; mov byte ptr [r11 + 0x16], 0; mov byte ptr [r10 + rdx*8 + 0x10], 0; mov byte ptr [r8 + r9*8 + 0x10], 0; cmp ebx, 7; je 9","",""
"118","132","1","","mov dword ptr [rcx*8+0x28], ebx","0.042","","","",""
"118","132","2","","mov byte ptr [r11+0x16], 0x0","0.057","","","",""
"118","132","3","","mov byte ptr [r10+rdx*8+0x10], 0x0","0.029","","","",""
"118","132","4","","mov byte ptr [r8+r9*8+0x10], 0x0","0.021","","","",""
"118","132","5","","cmp ebx, 0x7","0.041","","","",""
"118","132","6","","jz 0x7faf280c3212 <Block 135>","","","","",""
"239","","0","","mov rbx, 0x0","","","","",""
"38","48","0","","cmp byte ptr [r10+rdi*8+0x10], 0x0","0.131","","cmp byte ptr [r10 + rdi*8 + 0x10], 0; jne 0xc","",""
"38","48","1","","jnz 0x7faf280c2d78 <Block 85>","0.072","","","",""
"210","","0","","nop dword ptr [rax+rax*1]","","","","",""
"210","","1","","mov dword ptr [r15+0x484], 0xfffffff5","","","","",""
"210","","2","","mov qword ptr [r15+0x490], 0x0","","","","",""
"210","","3","","call 0x7faf2805417a","","","","",""
"39","49","0","","mov r8d, r10d","0.007","","mov r8d, r10d; nop; jmp 0xfffffffffffffe51","",""
"39","49","1","","data16 nop","0.003","","","",""
"39","49","2","","jmp 0x7faf280c2854 <Block 11>","0.005","","","",""
"211","","0","","nop dword ptr [rax+rax*1]","","","","",""
"211","","1","","mov dword ptr [r15+0x484], 0xfffffff5","","","","",""
"211","","2","","mov qword ptr [r15+0x490], 0x0","","","","",""
"211","","3","","call 0x7faf2805417a","","","","",""
"34","29","0","","mov r9d, r10d","0.005","","mov r9d, r10d; jmp 0xfffffffffffffe67","",""
"34","29","1","","jmp 0x7faf280c2827 <Block 8>","0.006","","","",""
"35","44","0","","mov ebx, dword ptr [rsi+0xc]","0.053","","mov ebx, dword ptr [rsi + 0xc]; nop word ptr [rax + rax]; cmp ecx, dword ptr [rbx*8 + 0xc]; jae 0x16","",""
"35","44","1","","nop word ptr [rax+rax*1]","0.054","","","",""
"35","44","2","","cmp ecx, dword ptr [rbx*8+0xc]","0.083","","","",""
"35","44","3","","jnb 0x7faf280c32e5 <Block 147>","","","","",""
"36","45","0","","cmp byte ptr [rcx+rbx*8+0x10], 0x0","0.169","","cmp byte ptr [rcx + rbx*8 + 0x10], 0; je 0xb","",""
"36","45","1","","jz 0x7faf280c2bcd <Block 66>","0.132","","","",""
"37","47","0","","mov edi, dword ptr [rsi+0x14]","0.071","","mov edi, dword ptr [rsi + 0x14]; nop dword ptr [rax + rax]; cmp r10d, dword ptr [rdi*8 + 0xc]; jae 0x13","",""
"37","47","1","","nop dword ptr [rax+rax*1]","0.035","","","",""
"37","47","2","","cmp r10d, dword ptr [rdi*8+0xc]","0.035","","","",""
"37","47","3","","jnb 0x7faf280c32e5 <Block 147>","","","","",""
"30","24","0","","mov r8d, dword ptr [rsp+0x30]","0.051","","mov r8d, dword ptr [rsp + 0x30]; mov ecx, dword ptr [rsi + 0xc]; cmp r8d, dword ptr [rcx*8 + 0xc]; jae 0xe","",""
"30","24","1","","mov ecx, dword ptr [rsi+0xc]","0.147","","","",""
"30","24","2","","cmp r8d, dword ptr [rcx*8+0xc]","0.063","","","",""
"30","24","3","","jnb 0x7faf280c3278 <Block 141>","","","","",""
"31","25","0","","nop word ptr [rax+rax*1]","0.146","","nop word ptr [rax + rax]; cmp byte ptr [r8 + rcx*8 + 0x10], 0; je 0x17","",""
"31","25","1","","cmp byte ptr [r8+rcx*8+0x10], 0x0","0.058","","","",""
"31","25","2","","jz 0x7faf280c2bc5 <Block 65>","0.175","","","",""
"2","65535","0","","mov dword ptr [rsp-0x14000], eax","0.419","","","",""
"2","65535","1","","sub rsp, 0x48","0.455","","","",""
"2","65535","2","","cmp dword ptr [r15+0x20], 0x1","0.258","","","",""
"2","65535","3","","jnz 0x7faf280c34b8 <Block 176>","0.168","","","",""
"32","27","0","","mov ebx, dword ptr [rsi+0x14]","0.042","","mov ebx, dword ptr [rsi + 0x14]; cmp r10d, dword ptr [rbx*8 + 0xc]; jae 0xe","",""
"32","27","1","","cmp r10d, dword ptr [rbx*8+0xc]","0.035","","","",""
"32","27","2","","jnb 0x7faf280c3278 <Block 141>","","","","",""
"1","","0","","mov r10d, dword ptr [rsi+0x8]","","","","",""
"1","","1","","mov r12, 0x7faeb7000000","","","","",""
"1","","2","","add r10, r12","","","","",""
"1","","3","","xor r12, r12","","","","",""
"1","","4","","cmp rax, r10","","","","",""
"1","","5","","jnz 0x7faf2804e080 <ic_miss_stub>","","","","",""
"33","28","0","","data16 nop","0.088","","nop; cmp byte ptr [r10 + rbx*8 + 0x10], 0; jne 0xf","",""
"33","28","1","","cmp byte ptr [r10+rbx*8+0x10], 0x0","0.023","","","",""
"33","28","2","","jnz 0x7faf280c2cbd <Block 77>","0.066","","","",""
"209","","0","","nop dword ptr [rax+rax*1]","","","","",""
"209","","1","","mov dword ptr [r15+0x484], 0xfffffff5","","","","",""
"209","","2","","mov qword ptr [r15+0x490], 0x0","","","","",""
"209","","3","","call 0x7faf2805417a","","","","",""
"203","","0","","nop dword ptr [rax+rax*1]","","","","",""
"203","","1","","mov dword ptr [r15+0x484], 0xfffffff5","","","","",""
"203","","2","","mov qword ptr [r15+0x490], 0x0","","","","",""
"203","","3","","call 0x7faf2805417a","","","","",""
"204","","0","","nop dword ptr [rax+rax*1]","","","","",""
"204","","1","","mov dword ptr [r15+0x484], 0xfffffff5","","","","",""
"204","","2","","mov qword ptr [r15+0x490], 0x0","","","","",""
"204","","3","","data16 nop","","","","",""
"204","","4","","call 0x7faf2805417a","","","","",""
"201","","0","","nop dword ptr [rax+rax*1]","","","","",""
"201","","1","","mov dword ptr [r15+0x484], 0xfffffff5","","","","",""
"201","","2","","mov qword ptr [r15+0x490], 0x0","","","","",""
"201","","3","","call 0x7faf2805417a","","","","",""
"202","","0","","nop dword ptr [rax+rax*1]","","","","",""
"202","","1","","mov dword ptr [r15+0x484], 0xfffffff5","","","","",""
"202","","2","","mov qword ptr [r15+0x490], 0x0","","","","",""
"202","","3","","call 0x7faf2805417a","","","","",""
"207","","0","","nop dword ptr [rax+rax*1]","","","","",""
"207","","1","","mov dword ptr [r15+0x484], 0xfffffff5","","","","",""
"207","","2","","mov qword ptr [r15+0x490], 0x0","","","","",""
"207","","3","","call 0x7faf2805417a","","","","",""
"208","","0","","nop dword ptr [rax+rax*1]","","","","",""
"208","","1","","mov dword ptr [r15+0x484], 0xfffffff5","","","","",""
"208","","2","","mov qword ptr [r15+0x490], 0x0","","","","",""
"208","","3","","call 0x7faf2805417a","","","","",""
"205","","0","","nop dword ptr [rax+rax*1]","","","","",""
"205","","1","","mov dword ptr [r15+0x484], 0xfffffff5","","","","",""
"205","","2","","mov qword ptr [r15+0x490], 0x0","","","","",""
"205","","3","","call 0x7faf2805417a","","","","",""
"206","","0","","nop dword ptr [rax+rax*1]","","","","",""
"206","","1","","mov dword ptr [r15+0x484], 0xfffffff5","","","","",""
"206","","2","","mov qword ptr [r15+0x490], 0x0","","","","",""
"206","","3","","call 0x7faf2805417a","","","","",""
"27","7","0","","mov edi, dword ptr [rsi+0x14]","0.000","","mov edi, dword ptr [rsi + 0x14]; nop; cmp r9d, dword ptr [rdi*8 + 0xc]; jae 0x11","",""
"27","7","1","","data16 nop","","","","",""
"27","7","2","","cmp r9d, dword ptr [rdi*8+0xc]","0.004","","","",""
"27","7","3","","jnb 0x7faf280c322e <Block 137>","","","","",""
"100","79","0","","mov byte ptr [rdx*8+0x13], 0x1","0.014","","mov byte ptr [rdx*8 + 0x13], 1; mov byte ptr [r9 + r11*8 + 0x10], 1; mov byte ptr [r8 + rcx*8 + 0x10], 1; shl rdx, 3; mov r11, rdx; jmp 0xfffffffffffff98a","",""
"100","79","1","","mov byte ptr [r9+r11*8+0x10], 0x1","0.068","","","",""
"100","79","2","","mov byte ptr [r8+rcx*8+0x10], 0x1","0.064","","","",""
"100","79","3","","shl rdx, 0x3","0.040","","","",""
"100","79","4","","mov r11, rdx","0.018","","","",""
"100","79","5","","jmp 0x7faf280c2883 <Block 14>","0.022","","","",""
"221","","0","","nop dword ptr [rax+rax*1]","","","","",""
"221","","1","","mov dword ptr [r15+0x484], 0xfffffff5","","","","",""
"221","","2","","mov qword ptr [r15+0x490], 0x0","","","","",""
"221","","3","","call 0x7faf2805417a","","","","",""
"28","8","0","","cmp byte ptr [r9+rdi*8+0x10], 0x0","0.001","","cmp byte ptr [r9 + rdi*8 + 0x10], 0; je 0xfffffffffffffea1; jmp 0x11","",""
"28","8","1","","jz 0x7faf280c2800 <Block 5>","0.004","","","",""
"101","90","0","","mov ecx, dword ptr [rsi+0x18]","0.030","","mov ecx, dword ptr [rsi + 0x18]; nop dword ptr [rax + rax]; cmp dword ptr [rcx*8 + 0xc], 5; jb 0x13","",""
"101","90","1","","nop dword ptr [rax+rax*1]","0.039","","","",""
"101","90","2","","cmp dword ptr [rcx*8+0xc], 0x5","0.030","","","",""
"101","90","3","","jb 0x7faf280c32be <Block 145>","0.053","","","",""
"222","","0","","nop dword ptr [rax+rax*1]","","","","",""
"222","","1","","mov dword ptr [r15+0x484], 0xfffffff5","","","","",""
"222","","2","","mov qword ptr [r15+0x490], 0x0","","","","",""
"222","","3","","call 0x7faf2805417a","","","","",""
"29","","0","","jmp 0x7faf280c2be7 <Block 69>","0.003","","","",""
"220","","0","","nop dword ptr [rax+rax*1]","","","","",""
"220","","1","","mov dword ptr [r15+0x484], 0xfffffff5","","","","",""
"220","","2","","mov qword ptr [r15+0x490], 0x0","","","","",""
"220","","3","","call 0x7faf2805417a","","","","",""
"23","161","0","","mov eax, 0x0","0.174","","mov eax, 0; mov rbp, qword ptr [rsp + 0x40]; add rsp, 0x48; cmp rsp, qword ptr [r15 + 0x450]; ja 0x16; ret","",""
"23","161","1","","mov rbp, qword ptr [rsp+0x40]","0.213","","","",""
"23","161","2","","add rsp, 0x48","0.166","","","",""
"23","161","3","","cmp rsp, qword ptr [r15+0x450]","0.241","","","",""
"23","161","4","","jnbe 0x7faf280c34c8 <Block 179>","","","","",""
"24","","0","","ret","0.169","","","",""
"25","4","0","","mov ecx, dword ptr [rsi+0xc]","","","mov ecx, dword ptr [rsi + 0xc]; nop word ptr [rax + rax]; cmp edx, dword ptr [rcx*8 + 0xc]; jae 0x18","",""
"25","4","1","","nop word ptr [rax+rax*1]","","","","",""
"25","4","2","","cmp edx, dword ptr [rcx*8+0xc]","0.005","","","",""
"25","4","3","","jnb 0x7faf280c322e <Block 137>","","","","",""
"26","5","0","","mov ebx, edx","0.005","","mov ebx, edx; cmp byte ptr [rbx + rcx*8 + 0x10], 0; je 0xfffffffffffffec0","",""
"26","5","1","","cmp byte ptr [rbx+rcx*8+0x10], 0x0","","","","",""
"26","5","2","","jz 0x7faf280c2800 <Block 5>","0.013","","","",""
"20","123","0","","mov r9d, dword ptr [rsp+0x30]","0.086","","mov r9d, dword ptr [rsp + 0x30]","",""
"21","140","0","","nop dword ptr [rax+rax*1]","0.267","","nop dword ptr [rax + rax]; cmp dword ptr [r11 + 0xc], 8; jb 0x10","",""
"21","140","1","","cmp dword ptr [r11+0xc], 0x8","0.179","","","",""
"21","140","2","","jb 0x7faf280c3462 <Block 167>","0.156","","","",""
"22","142","0","","cmp byte ptr [r11+0x17], 0x0","0.198","","cmp byte ptr [r11 + 0x17], 0; jne 0xb","",""
"22","142","1","","jnz 0x7faf280c2b65 <Block 60>","0.267","","","",""
"214","","0","","nop dword ptr [rax+rax*1]","","","","",""
"214","","1","","mov dword ptr [r15+0x484], 0xfffffff5","","","","",""
"214","","2","","mov qword ptr [r15+0x490], 0x0","","","","",""
"214","","3","","data16 nop","","","","",""
"214","","4","","call 0x7faf2805417a","","","","",""
"215","","0","","nop dword ptr [rax+rax*1]","","","","",""
"215","","1","","mov dword ptr [r15+0x484], 0xfffffff5","","","","",""
"215","","2","","mov qword ptr [r15+0x490], 0x0","","","","",""
"215","","3","","call 0x7faf2805417a","","","","",""
"212","","0","","nop dword ptr [rax+rax*1]","","","","",""
"212","","1","","mov dword ptr [r15+0x484], 0xfffffff5","","","","",""
"212","","2","","mov qword ptr [r15+0x490], 0x0","","","","",""
"212","","3","","call 0x7faf2805417a","","","","",""
"213","","0","","nop dword ptr [rax+rax*1]","","","","",""
"213","","1","","mov dword ptr [r15+0x484], 0xfffffff5","","","","",""
"213","","2","","mov qword ptr [r15+0x490], 0x0","","","","",""
"213","","3","","call 0x7faf2805417a","","","","",""
"218","","0","","nop dword ptr [rax+rax*1]","","","","",""
"218","","1","","mov dword ptr [r15+0x484], 0xfffffff5","","","","",""
"218","","2","","mov qword ptr [r15+0x490], 0x0","","","","",""
"218","","3","","call 0x7faf2805417a","","","","",""
"219","","0","","nop dword ptr [rax+rax*1]","","","","",""
"219","","1","","mov dword ptr [r15+0x484], 0xfffffff5","","","","",""
"219","","2","","mov qword ptr [r15+0x490], 0x0","","","","",""
"219","","3","","call 0x7faf2805417a","","","","",""
"216","","0","","nop dword ptr [rax+rax*1]","","","","",""
"216","","1","","mov dword ptr [r15+0x484], 0xfffffff5","","","","",""
"216","","2","","mov qword ptr [r15+0x490], 0x0","","","","",""
"216","","3","","call 0x7faf2805417a","","","","",""
"217","","0","","nop dword ptr [rax+rax*1]","","","","",""
"217","","1","","mov dword ptr [r15+0x484], 0xfffffff5","","","","",""
"217","","2","","mov qword ptr [r15+0x490], 0x0","","","","",""
"217","","3","","call 0x7faf2805417a","","","","",""
"151","","0","","mov edx, dword ptr [rsp+0x34]","","","","",""
"151","","1","","mov dword ptr [r15+0x484], 0xffffffe5","","","","",""
"151","","2","","mov qword ptr [r15+0x490], 0x0","","","","",""
"151","","3","","call 0x7faf2805417a","","","","",""
"152","","0","","nop dword ptr [rax+rax*1]","","","","",""
"150","","0","","nop dword ptr [rax+rax*1]","","","","",""
"155","","0","","mov edx, dword ptr [rsp+0x34]","","","","",""
"155","","1","","mov dword ptr [r15+0x484], 0xffffffe5","","","","",""
"155","","2","","mov qword ptr [r15+0x490], 0x0","","","","",""
"155","","3","","call 0x7faf2805417a","","","","",""
"156","","0","","nop dword ptr [rax+rax*1]","","","","",""
"153","","0","","mov edx, dword ptr [rsp+0x34]","","","","",""
"153","","1","","mov dword ptr [r15+0x484], 0xffffffe5","","","","",""
"153","","2","","mov qword ptr [r15+0x490], 0x0","","","","",""
"153","","3","","call 0x7faf2805417a","","","","",""
"154","","0","","nop dword ptr [rax+rax*1]","","","","",""
"56","125","0","","nop word ptr [rax+rax*1]","0.242","","nop word ptr [rax + rax]; cmp byte ptr [r10 + rdx*8 + 0x10], 0; je 0x17","",""
"56","125","1","","cmp byte ptr [r10+rdx*8+0x10], 0x0","0.117","","","",""
"56","125","2","","jz 0x7faf280c2bdd <Block 68>","0.240","","","",""
"57","127","0","","mov r8d, dword ptr [rsp+0x30]","0.098","","mov r8d, dword ptr [rsp + 0x30]; mov r9d, dword ptr [rsi + 0x14]; nop word ptr [rax + rax]; cmp r8d, dword ptr [r9*8 + 0xc]; jae 0x19","",""
"57","127","1","","mov r9d, dword ptr [rsi+0x14]","0.075","","","",""
"57","127","2","","nop word ptr [rax+rax*1]","0.118","","","",""
"57","127","3","","cmp r8d, dword ptr [r9*8+0xc]","0.106","","","",""
"57","127","4","","jnb 0x7faf280c3251 <Block 139>","","","","",""
"58","128","0","","cmp byte ptr [r8+r9*8+0x10], 0x0","0.186","","cmp byte ptr [r8 + r9*8 + 0x10], 0; jne 0xc","",""
"58","128","1","","jnz 0x7faf280c307e <Block 117>","0.192","","","",""
"59","129","0","","mov r9d, r8d","0.080","","mov r9d, r8d; nop; jmp 0xfffffffffffffd7e","",""
"59","129","1","","data16 nop","0.056","","","",""
"59","129","2","","jmp 0x7faf280c28db <Block 21>","0.069","","","",""
"52","107","0","","mov ecx, dword ptr [rsp+0x14]","0.077","","mov ecx, dword ptr [rsp + 0x14]; mov r8d, dword ptr [rsi + 0x14]; nop dword ptr [rax + rax]; nop; cmp ecx, dword ptr [r8*8 + 0xc]; jae 0x1a","",""
"52","107","1","","mov r8d, dword ptr [rsi+0x14]","0.092","","","",""
"52","107","2","","nop dword ptr [rax+rax*1]","0.054","","","",""
"52","107","3","","data16 nop","0.098","","","",""
"52","107","4","","cmp ecx, dword ptr [r8*8+0xc]","0.080","","","",""
"52","107","5","","jnb 0x7faf280c3308 <Block 149>","","","","",""
"53","108","0","","cmp byte ptr [rcx+r8*8+0x10], 0x0","0.157","","cmp byte ptr [rcx + r8*8 + 0x10], 0; je 0xfffffffffffffdc8; jmp 0x11","",""
"53","108","1","","jz 0x7faf280c28b6 <Block 18>","0.180","","","",""
"54","","0","","jmp 0x7faf280c2fb8 <Block 109>","0.014","","","",""
"55","124","0","","mov r10d, dword ptr [rsp+0x1c]","0.114","","mov r10d, dword ptr [rsp + 0x1c]; mov edx, dword ptr [rsi + 0xc]; cmp r10d, dword ptr [rdx*8 + 0xc]; jae 0xe","",""
"55","124","1","","mov edx, dword ptr [rsi+0xc]","0.094","","","",""
"55","124","2","","cmp r10d, dword ptr [rdx*8+0xc]","0.109","","","",""
"55","124","3","","jnb 0x7faf280c3251 <Block 139>","","","","",""
"50","104","0","","mov r10d, dword ptr [rsp+0x18]","0.081","","mov r10d, dword ptr [rsp + 0x18]; mov edx, dword ptr [rsi + 0xc]; cmp r10d, dword ptr [rdx*8 + 0xc]; jae 0xe","",""
"50","104","1","","mov edx, dword ptr [rsi+0xc]","0.148","","","",""
"50","104","2","","cmp r10d, dword ptr [rdx*8+0xc]","0.092","","","",""
"50","104","3","","jnb 0x7faf280c3308 <Block 149>","","","","",""
"51","105","0","","nop word ptr [rax+rax*1]","0.286","","nop word ptr [rax + rax]; cmp byte ptr [r10 + rdx*8 + 0x10], 0; je 0xfffffffffffffe01","",""
"51","105","1","","cmp byte ptr [r10+rdx*8+0x10], 0x0","0.131","","","",""
"51","105","2","","jz 0x7faf280c28b6 <Block 18>","0.259","","","",""
"148","","0","","nop dword ptr [rax+rax*1]","","","","",""
"149","","0","","mov edx, dword ptr [rsp+0x34]","","","","",""
"149","","1","","mov dword ptr [r15+0x484], 0xffffffe5","","","","",""
"149","","2","","mov qword ptr [r15+0x490], 0x0","","","","",""
"149","","3","","call 0x7faf2805417a","","","","",""
"146","","0","","nop dword ptr [rax+rax*1]","","","","",""
"147","","0","","mov dword ptr [r15+0x484], 0xffffffe5","","","","",""
"147","","1","","mov qword ptr [r15+0x490], 0x0","","","","",""
"147","","2","","call 0x7faf2805417a","","","","",""
"162","","0","","nop dword ptr [rax+rax*1]","","","","",""
"163","","0","","mov edx, dword ptr [rsp+0x34]","","","","",""
"163","","1","","mov dword ptr [r15+0x484], 0xffffffe5","","","","",""
"163","","2","","mov qword ptr [r15+0x490], 0x0","","","","",""
"163","","3","","call 0x7faf2805417a","","","","",""
"160","","0","","nop dword ptr [rax+rax*1]","","","","",""
"161","","0","","mov edx, dword ptr [rsp+0x34]","","","","",""
"161","","1","","mov dword ptr [r15+0x484], 0xffffffe5","","","","",""
"161","","2","","mov qword ptr [r15+0x490], 0x0","","","","",""
"161","","3","","call 0x7faf2805417a","","","","",""
"49","","0","","jmp 0x7faf280c2ef8 <Block 101>","0.024","","","",""
"166","","0","","nop dword ptr [rax+rax*1]","","","","",""
"167","","0","","mov edx, dword ptr [rsp+0x34]","","","","",""
"164","","0","","nop dword ptr [rax+rax*1]","","","","",""
"165","","0","","mov edx, dword ptr [rsp+0x34]","","","","",""
"165","","1","","mov dword ptr [r15+0x484], 0xffffffe5","","","","",""
"165","","2","","mov qword ptr [r15+0x490], 0x0","","","","",""
"165","","3","","call 0x7faf2805417a","","","","",""
"45","84","0","","mov edx, dword ptr [rsi+0xc]","0.144","","mov edx, dword ptr [rsi + 0xc]; nop word ptr [rax + rax]; cmp r8d, dword ptr [rdx*8 + 0xc]; jae 0x17","",""
"45","84","1","","nop word ptr [rax+rax*1]","0.070","","","",""
"45","84","2","","cmp r8d, dword ptr [rdx*8+0xc]","0.079","","","",""
"45","84","3","","jnb 0x7faf280c32be <Block 145>","","","","",""
"46","85","0","","cmp byte ptr [r8+rdx*8+0x10], 0x0","0.194","","cmp byte ptr [r8 + rdx*8 + 0x10], 0; je 0xfffffffffffffe28","",""
"46","85","1","","jz 0x7faf280c2899 <Block 16>","0.142","","","",""
"47","87","0","","mov r10d, dword ptr [rsi+0x14]","0.050","","mov r10d, dword ptr [rsi + 0x14]; nop; cmp r9d, dword ptr [r10*8 + 0xc]; jae 0x10","",""
"47","87","1","","data16 nop","0.077","","","",""
"47","87","2","","cmp r9d, dword ptr [r10*8+0xc]","0.047","","","",""
"47","87","3","","jnb 0x7faf280c32be <Block 145>","","","","",""
"48","88","0","","cmp byte ptr [r9+r10*8+0x10], 0x0","0.099","","cmp byte ptr [r9 + r10*8 + 0x10], 0; je 0xfffffffffffffe08; jmp 0x11","",""
"48","88","1","","jz 0x7faf280c2899 <Block 16>","0.142","","","",""
"41","65","0","","nop word ptr [rax+rax*1]","0.157","","nop word ptr [rax + rax]; cmp byte ptr [r9 + rbx*8 + 0x10], 0; je 0x16","",""
"41","65","1","","cmp byte ptr [r9+rbx*8+0x10], 0x0","0.087","","","",""
"41","65","2","","jz 0x7faf280c2bd5 <Block 67>","0.187","","","",""
"42","67","0","","mov edi, dword ptr [rsi+0x14]","0.071","","mov edi, dword ptr [rsi + 0x14]; cmp r10d, dword ptr [rdi*8 + 0xc]; jae 0xe","",""
"42","67","1","","cmp r10d, dword ptr [rdi*8+0xc]","0.065","","","",""
"42","67","2","","jnb 0x7faf280c329b <Block 143>","","","","",""
"43","68","0","","data16 nop","0.113","","nop; cmp byte ptr [r10 + rdi*8 + 0x10], 0; jne 0xf","",""
"43","68","1","","cmp byte ptr [r10+rdi*8+0x10], 0x0","0.061","","","",""
"43","68","2","","jnz 0x7faf280c2e38 <Block 93>","0.118","","","",""
"44","69","0","","mov r8d, r10d","0.027","","mov r8d, r10d; jmp 0xfffffffffffffe2e","",""
"44","69","1","","jmp 0x7faf280c2883 <Block 14>","0.029","","","",""
"40","64","0","","mov ebx, dword ptr [rsi+0xc]","0.098","","mov ebx, dword ptr [rsi + 0xc]; cmp r9d, dword ptr [rbx*8 + 0xc]; jae 0xe","",""
"40","64","1","","cmp r9d, dword ptr [rbx*8+0xc]","0.084","","","",""
"40","64","2","","jnb 0x7faf280c329b <Block 143>","","","","",""
"159","","0","","mov dword ptr [r15+0x484], 0xffffffe5","","","","",""
"159","","1","","mov qword ptr [r15+0x490], 0x0","","","","",""
"159","","2","","data16 nop","","","","",""
"159","","3","","call 0x7faf2805417a","","","","",""
"157","","0","","mov dword ptr [r15+0x484], 0xffffffe5","","","","",""
"157","","1","","mov qword ptr [r15+0x490], 0x0","","","","",""
"157","","2","","call 0x7faf2805417a","","","","",""
"158","","0","","nop dword ptr [rax+rax*1]","","","","",""
"250","","0","","jmp 0x7faf280c3c4b <Block 250>","","","","",""
"130","157","0","","mov edx, dword ptr [rsp+0x34]","0.139","","mov edx, dword ptr [rsp + 0x34]; mov r8d, dword ptr [rsi + 0x14]; nop; cmp edx, dword ptr [r8*8 + 0xc]; jae 0x10","",""
"130","157","1","","mov r8d, dword ptr [rsi+0x14]","0.011","","","",""
"130","157","2","","data16 nop","0.015","","","",""
"130","157","3","","cmp edx, dword ptr [r8*8+0xc]","0.005","","","",""
"130","157","4","","jnb 0x7faf280c33c7 <Block 159>","","","","",""
"133","215","0","","mov eax, 0x1","0.044","","mov eax, 1; mov rbp, qword ptr [rsp + 0x40]; add rsp, 0x48; cmp rsp, qword ptr [r15 + 0x450]; ja 0x16; ret","",""
"133","215","1","","mov rbp, qword ptr [rsp+0x40]","","","","",""
"133","215","2","","add rsp, 0x48","0.003","","","",""
"133","215","3","","cmp rsp, qword ptr [r15+0x450]","0.054","","","",""
"133","215","4","","jnbe 0x7faf280c34dc <Block 181>","","","","",""
"134","","0","","ret","0.001","","","",""
"131","158","0","","cmp r10d, 0x8","0.099","","cmp r10d, 8; jb 0xa","",""
"131","158","1","","jb 0x7faf280c33c7 <Block 159>","","","","",""
"132","160","0","","mov rbx, qword ptr [rsp+0x20]","0.008","","mov rbx, qword ptr [rsp + 0x20]; mov byte ptr [rax*8 + 0x17], 1; mov byte ptr [r9 + r11*8 + 0x10], 1; mov byte ptr [rbx + r8*8 + 0x10], 1; jmp 0xfffffffffffff705","",""
"132","160","1","","mov byte ptr [rax*8+0x17], 0x1","0.004","","","",""
"132","160","2","","mov byte ptr [r9+r11*8+0x10], 0x1","0.122","","","",""
"132","160","3","","mov byte ptr [rbx+r8*8+0x10], 0x1","0.053","","","",""
"132","160","4","","jmp 0x7faf280c28f6 <Block 23>","0.026","","","",""
"78","32","0","","mov dword ptr [rdi*8+0x14], edx","0.045","","mov dword ptr [rdi*8 + 0x14], edx; mov byte ptr [r11 + 0x11], 0; mov byte ptr [r8 + rcx*8 + 0x10], 0; mov byte ptr [r10 + rbx*8 + 0x10], 0; cmp edx, 7; je 9","",""
"78","32","1","","mov byte ptr [r11+0x11], 0x0","0.034","","","",""
"78","32","2","","mov byte ptr [r8+rcx*8+0x10], 0x0","0.040","","","",""
"78","32","3","","mov byte ptr [r10+rbx*8+0x10], 0x0","0.037","","","",""
"78","32","4","","cmp edx, 0x7","0.047","","","",""
"78","32","5","","jz 0x7faf280c3212 <Block 135>","","","","",""
"79","34","0","","mov r11, rsi","0.027","","mov r11, rsi; mov edx, r8d; nop; call 7; nop dword ptr [rax + rax]; test eax, eax; jne 8","",""
"79","34","1","","mov edx, r8d","0.047","","","",""
"79","34","2","","data16 nop","0.036","","","",""
"79","34","3","","call 0x7faf2804e380 <resolve_opt_virtual_call>","0.051","","","",""
"74","","0","","mov r9d, dword ptr [rsp+0x2c]","","","","",""
"74","","1","","mov ecx, dword ptr [rsi+0x14]","","","","",""
"74","","2","","nop word ptr [rax+rax*1]","","","","",""
"74","","3","","cmp r9d, dword ptr [rcx*8+0xc]","","","","",""
"74","","4","","jnb 0x7faf280c33a4 <Block 157>","","","","",""
"75","","0","","test r11d, r11d","","","","",""
"75","","1","","jz 0x7faf280c33a4 <Block 157>","","","","",""
"76","","0","","mov rbx, qword ptr [rsp+0x20]","","","","",""
"76","","1","","mov byte ptr [r10*8+0x10], 0x1","","","","",""
"76","","2","","mov byte ptr [rbx+r8*8+0x10], 0x1","","","","",""
"76","","3","","mov byte ptr [r9+rcx*8+0x10], 0x1","","","","",""
"76","","4","","shl r10, 0x3","","","","",""
"76","","5","","mov r11, r10","","","","",""
"76","","6","","jmp 0x7faf280c2800 <Block 5>","","","","",""
"77","30","0","","mov edi, dword ptr [rsi+0x18]","0.044","","mov edi, dword ptr [rsi + 0x18]; cmp dword ptr [rdi*8 + 0xc], 2; jb 0xe","",""
"77","30","1","","cmp dword ptr [rdi*8+0xc], 0x2","0.029","","","",""
"77","30","2","","jb 0x7faf280c3278 <Block 141>","0.076","","","",""
"70","12","0","","mov dword ptr [r11*8+0x10], edx","","","mov dword ptr [r11*8 + 0x10], edx; mov byte ptr [r10*8 + 0x10], 0; mov byte ptr [rbx + rcx*8 + 0x10], 0; mov byte ptr [r9 + rdi*8 + 0x10], 0; cmp edx, 7; je 9","",""
"70","12","1","","mov byte ptr [r10*8+0x10], 0x0","0.002","","","",""
"70","12","2","","mov byte ptr [rbx+rcx*8+0x10], 0x0","0.006","","","",""
"70","12","3","","mov byte ptr [r9+rdi*8+0x10], 0x0","0.002","","","",""
"70","12","4","","cmp edx, 0x7","0.000","","","",""
"70","12","5","","jz 0x7faf280c3212 <Block 135>","","","","",""
"71","14","0","","mov qword ptr [rsp+0x20], rbx","0.001","","mov qword ptr [rsp + 0x20], rbx; mov r10, rsi; mov edx, r8d; nop; call 6; nop dword ptr [rax + rax]; test eax, eax; jne 8","",""
"71","14","1","","mov r10, rsi","0.004","","","",""
"71","14","2","","mov edx, r8d","0.008","","","",""
"71","14","3","","nop","0.000","","","",""
"71","14","4","","call 0x7faf2804e380 <resolve_opt_virtual_call>","0.001","","","",""
"72","","0","","nop dword ptr [rax+rax*1+0x12000720]","0.002","","","",""
"72","","1","","test eax, eax","","","","",""
"72","","2","","jnz 0x7faf280c31f6 <Block 133>","","","","",""
"73","","0","","mov edx, dword ptr [rsp+0x34]","","","","",""
"73","","1","","mov rsi, qword ptr [rsp]","","","","",""
"73","","2","","mov r10d, dword ptr [rsi+0x10]","","","","",""
"73","","3","","mov r11d, dword ptr [r10*8+0xc]","","","","",""
"73","","4","","mov r8d, dword ptr [rsi+0xc]","","","","",""
"73","","5","","nop dword ptr [rax+rax*1]","","","","",""
"73","","6","","cmp edx, dword ptr [r8*8+0xc]","","","","",""
"73","","7","","jnb 0x7faf280c33a4 <Block 157>","","","","",""
"126","152","0","","mov dword ptr [rdi*8+0x2c], r8d","0.023","","mov dword ptr [rdi*8 + 0x2c], r8d; mov byte ptr [r11 + 0x17], 0; mov byte ptr [r10 + rdx*8 + 0x10], 0; mov byte ptr [rbx + rcx*8 + 0x10], 0; cmp r8d, 7; je 0xa","",""
"126","152","1","","mov byte ptr [r11+0x17], 0x0","0.050","","","",""
"126","152","2","","mov byte ptr [r10+rdx*8+0x10], 0x0","0.017","","","",""
"126","152","3","","mov byte ptr [rbx+rcx*8+0x10], 0x0","0.061","","","",""
"126","152","4","","cmp r8d, 0x7","0.018","","","",""
"126","152","5","","jz 0x7faf280c3212 <Block 135>","","","","",""
"247","","0","","mov rbx, 0x0","","","","",""
"127","155","0","","mov qword ptr [rsp+0x20], rbx","0.038","","mov qword ptr [rsp + 0x20], rbx; mov r11, rsi; mov edx, r9d; call 5; nop dword ptr [rax + rax]; test eax, eax; jne 8","",""
"127","155","1","","mov r11, rsi","0.013","","","",""
"127","155","2","","mov edx, r9d","0.039","","","",""
"127","155","3","","call 0x7faf2804e380 <resolve_opt_virtual_call>","0.023","","","",""
"248","","0","","jmp 0x7faf280c3c3c <Block 248>","","","","",""
"124","139","0","","mov byte ptr [rdx*8+0x16], 0x1","0.013","","mov byte ptr [rdx*8 + 0x16], 1; mov byte ptr [r10 + r8*8 + 0x10], 1; mov byte ptr [r9 + rcx*8 + 0x10], 1; shl rdx, 3; mov r11, rdx; jmp 0xfffffffffffff7a8","",""
"124","139","1","","mov byte ptr [r10+r8*8+0x10], 0x1","0.114","","","",""
"124","139","2","","mov byte ptr [r9+rcx*8+0x10], 0x1","0.083","","","",""
"124","139","3","","shl rdx, 0x3","0.035","","","",""
"124","139","4","","mov r11, rdx","0.002","","","",""
"124","139","5","","jmp 0x7faf280c28db <Block 21>","0.023","","","",""
"245","","0","","mov rbx, 0x0","","","","",""
"125","150","0","","mov edi, dword ptr [rsi+0x18]","0.059","","mov edi, dword ptr [rsi + 0x18]; nop dword ptr [rax + rax]; cmp dword ptr [rdi*8 + 0xc], 8; jb 0x13","",""
"125","150","1","","nop dword ptr [rax+rax*1]","0.016","","","",""
"125","150","2","","cmp dword ptr [rdi*8+0xc], 0x8","0.042","","","",""
"125","150","3","","jb 0x7faf280c34a8 <Block 173>","0.080","","","",""
"246","","0","","jmp 0x7faf280c3c2d <Block 246>","","","","",""
"128","","0","","nop dword ptr [rax+rax*1+0x35000c70]","0.020","","","",""
"128","","1","","test eax, eax","0.005","","","",""
"128","","2","","jnz 0x7faf280c31f6 <Block 133>","","","","",""
"249","","0","","mov rbx, 0x0","","","","",""
"129","156","0","","mov r9d, dword ptr [rsp+0x2c]","0.071","","mov r9d, dword ptr [rsp + 0x2c]; mov rsi, qword ptr [rsp]; mov eax, dword ptr [rsi + 0x10]; mov r10d, dword ptr [rax*8 + 0xc]; mov r11d, dword ptr [rsi + 0xc]; cmp r9d, dword ptr [r11*8 + 0xc]; jae 0xe","",""
"129","156","1","","mov rsi, qword ptr [rsp]","0.041","","","",""
"129","156","2","","mov eax, dword ptr [rsi+0x10]","0.010","","","",""
"129","156","3","","mov r10d, dword ptr [rax*8+0xc]","0.061","","","",""
"129","156","4","","mov r11d, dword ptr [rsi+0xc]","0.108","","","",""
"129","156","5","","cmp r9d, dword ptr [r11*8+0xc]","0.010","","","",""
"129","156","6","","jnb 0x7faf280c3496 <Block 171>","","","","",""
"140","","0","","nop dword ptr [rax+rax*1]","","","","",""
"141","","0","","mov dword ptr [r15+0x484], 0xffffffe5","","","","",""
"141","","1","","mov qword ptr [r15+0x490], 0x0","","","","",""
"141","","2","","call 0x7faf2805417a","","","","",""
"144","","0","","nop dword ptr [rax+rax*1]","","","","",""
"145","","0","","mov edx, dword ptr [rsp+0x34]","","","","",""
"145","","1","","mov dword ptr [r15+0x484], 0xffffffe5","","","","",""
"145","","2","","mov qword ptr [r15+0x490], 0x0","","","","",""
"145","","3","","call 0x7faf2805417a","","","","",""
"142","","0","","nop dword ptr [rax+rax*1]","","","","",""
"143","","0","","mov dword ptr [r15+0x484], 0xffffffe5","","","","",""
"143","","1","","mov qword ptr [r15+0x490], 0x0","","","","",""
"143","","2","","call 0x7faf2805417a","","","","",""
"67","66","0","","mov r8d, r10d","0.037","","mov r8d, r10d; jmp 0xfffffffffffffca5","",""
"67","66","1","","jmp 0x7faf280c2883 <Block 14>","0.027","","","",""
"68","126","0","","mov r9d, dword ptr [rsp+0x30]","0.044","","mov r9d, dword ptr [rsp + 0x30]; jmp 0xfffffffffffffcf9","",""
"68","126","1","","jmp 0x7faf280c28db <Block 21>","0.003","","","",""
"69","10","0","","mov r11d, dword ptr [rsi+0x18]","","","mov r11d, dword ptr [rsi + 0x18]; cmp dword ptr [r11*8 + 0xc], 0; je 0xf","",""
"69","10","1","","cmp dword ptr [r11*8+0xc], 0x0","","","","",""
"69","10","2","","jz 0x7faf280c322e <Block 137>","0.014","","","",""
"63","148","0","","mov ebx, r8d","0.152","","mov ebx, r8d; cmp byte ptr [rbx + rcx*8 + 0x10], 0; je 0xfffffffffffffd45; nop dword ptr [rax]; jmp 0x14","",""
"63","148","1","","cmp byte ptr [rbx+rcx*8+0x10], 0x0","0.086","","","",""
"63","148","2","","jz 0x7faf280c28f6 <Block 23>","0.145","","","",""
"64","","0","","nop dword ptr [rax]","0.029","","","",""
"64","","1","","jmp 0x7faf280c3138 <Block 125>","0.011","","","",""
"65","26","0","","mov r9d, r10d","0.015","","mov r9d, r10d; jmp 0xfffffffffffffc4e","",""
"65","26","1","","jmp 0x7faf280c2827 <Block 8>","0.029","","","",""
"66","46","0","","mov r8d, r10d","0.033","","mov r8d, r10d; jmp 0xfffffffffffffc7e","",""
"66","46","1","","jmp 0x7faf280c2854 <Block 11>","0.019","","","",""
"60","144","0","","mov r10d, dword ptr [rsp+0x2c]","0.092","","mov r10d, dword ptr [rsp + 0x2c]; mov edx, dword ptr [rsi + 0xc]; cmp r10d, dword ptr [rdx*8 + 0xc]; jae 0xe","",""
"60","144","1","","mov edx, dword ptr [rsi+0xc]","0.054","","","",""
"60","144","2","","cmp r10d, dword ptr [rdx*8+0xc]","0.092","","","",""
"60","144","3","","jnb 0x7faf280c34ad <Block 174>","","","","",""
"61","145","0","","nop dword ptr [rax+rax*1]","0.202","","nop dword ptr [rax + rax]; cmp byte ptr [r10 + rdx*8 + 0x10], 0; je 0xfffffffffffffd7b","",""
"61","145","1","","cmp byte ptr [r10+rdx*8+0x10], 0x0","0.065","","","",""
"61","145","2","","jz 0x7faf280c28f6 <Block 23>","0.170","","","",""
"62","147","0","","mov r8d, dword ptr [rsp+0x34]","0.111","","mov r8d, dword ptr [rsp + 0x34]; mov ecx, dword ptr [rsi + 0x14]; nop dword ptr [rax + rax]; nop; cmp r8d, dword ptr [rcx*8 + 0xc]; jae 0x1a","",""
"62","147","1","","mov ecx, dword ptr [rsi+0x14]","0.053","","","",""
"62","147","2","","nop dword ptr [rax+rax*1]","0.091","","","",""
"62","147","3","","data16 nop","0.092","","","",""
"62","147","4","","cmp r8d, dword ptr [rcx*8+0xc]","0.122","","","",""
"62","147","5","","jnb 0x7faf280c34b3 <Block 175>","","","","",""
"137","","0","","mov dword ptr [r15+0x484], 0xffffffe5","","","","",""
"137","","1","","mov qword ptr [r15+0x490], 0x0","","","","",""
"137","","2","","call 0x7faf2805417a","","","","",""
"138","","0","","nop dword ptr [rax+rax*1]","","","","",""
"135","154","0","","mov eax, 0x1","0.000","","mov eax, 1; mov rbp, qword ptr [rsp + 0x40]; add rsp, 0x48; cmp rsp, qword ptr [r15 + 0x450]; ja 0x16; ret","",""
"135","154","1","","mov rbp, qword ptr [rsp+0x40]","0.002","","","",""
"135","154","2","","add rsp, 0x48","","","","",""
"135","154","3","","cmp rsp, qword ptr [r15+0x450]","","","","",""
"135","154","4","","jnbe 0x7faf280c34f0 <Block 183>","","","","",""
"136","","0","","ret","0.002","","","",""
"139","","0","","mov edx, dword ptr [rsp+0x34]","","","","",""
"139","","1","","mov dword ptr [r15+0x484], 0xffffffe5","","","","",""
"139","","2","","mov qword ptr [r15+0x490], 0x0","","","","",""
"139","","3","","call 0x7faf2805417a","","","","",""
"195","","0","","nop dword ptr [rax+rax*1]","","","","",""
"195","","1","","mov dword ptr [r15+0x484], 0xfffffff5","","","","",""
"195","","2","","mov qword ptr [r15+0x490], 0x0","","","","",""
"195","","3","","call 0x7faf2805417a","","","","",""
"196","","0","","nop dword ptr [rax+rax*1]","","","","",""
"196","","1","","mov dword ptr [r15+0x484], 0xfffffff5","","","","",""
"196","","2","","mov qword ptr [r15+0x490], 0x0","","","","",""
"196","","3","","call 0x7faf2805417a","","","","",""
"193","","0","","nop dword ptr [rax+rax*1]","","","","",""
"193","","1","","mov dword ptr [r15+0x484], 0xfffffff5","","","","",""
"193","","2","","mov qword ptr [r15+0x490], 0x0","","","","",""
"193","","3","","call 0x7faf2805417a","","","","",""
"194","","0","","nop dword ptr [rax+rax*1]","","","","",""
"194","","1","","mov dword ptr [r15+0x484], 0xfffffff5","","","","",""
"194","","2","","mov qword ptr [r15+0x490], 0x0","","","","",""
"194","","3","","data16 nop","","","","",""
"194","","4","","call 0x7faf2805417a","","","","",""
"199","","0","","nop dword ptr [rax+rax*1]","","","","",""
"199","","1","","mov dword ptr [r15+0x484], 0xfffffff5","","","","",""
"199","","2","","mov qword ptr [r15+0x490], 0x0","","","","",""
"199","","3","","call 0x7faf2805417a","","","","",""
"197","","0","","nop dword ptr [rax+rax*1]","","","","",""
"197","","1","","mov dword ptr [r15+0x484], 0xfffffff5","","","","",""
"197","","2","","mov qword ptr [r15+0x490], 0x0","","","","",""
"197","","3","","call 0x7faf2805417a","","","","",""
"198","","0","","nop dword ptr [rax+rax*1]","","","","",""
"198","","1","","mov dword ptr [r15+0x484], 0xfffffff5","","","","",""
"198","","2","","mov qword ptr [r15+0x490], 0x0","","","","",""
"198","","3","","call 0x7faf2805417a","","","","",""
"96","","0","","nop dword ptr [rax+rax*1+0x2100096c]","0.025","","","",""
"96","","1","","test eax, eax","0.016","","","",""
"96","","2","","jnz 0x7faf280c31f6 <Block 133>","","","","",""
"191","","0","","nop dword ptr [rax+rax*1]","","","","",""
"191","","1","","mov dword ptr [r15+0x484], 0xfffffff5","","","","",""
"191","","2","","mov qword ptr [r15+0x490], 0x0","","","","",""
"191","","3","","call 0x7faf2805417a","","","","",""
"97","75","0","","mov r9d, dword ptr [rsp+0xc]","0.030","","mov r9d, dword ptr [rsp + 0xc]; mov rsi, qword ptr [rsp]; mov edx, dword ptr [rsi + 0x10]; mov r10d, dword ptr [rdx*8 + 0xc]; mov r11d, dword ptr [rsi + 0xc]; cmp r9d, dword ptr [r11*8 + 0xc]; jae 0xe","",""
"97","75","1","","mov rsi, qword ptr [rsp]","0.051","","","",""
"97","75","2","","mov edx, dword ptr [rsi+0x10]","0.022","","","",""
"97","75","3","","mov r10d, dword ptr [rdx*8+0xc]","0.032","","","",""
"97","75","4","","mov r11d, dword ptr [rsi+0xc]","0.094","","","",""
"97","75","5","","cmp r9d, dword ptr [r11*8+0xc]","0.025","","","",""
"97","75","6","","jnb 0x7faf280c33ed <Block 161>","","","","",""
"192","","0","","nop dword ptr [rax+rax*1]","","","","",""
"192","","1","","mov dword ptr [r15+0x484], 0xfffffff5","","","","",""
"192","","2","","mov qword ptr [r15+0x490], 0x0","","","","",""
"192","","3","","call 0x7faf2805417a","","","","",""
"98","76","0","","mov r8d, dword ptr [rsp+0x10]","0.100","","mov r8d, dword ptr [rsp + 0x10]; mov ecx, dword ptr [rsi + 0x14]; nop word ptr [rax + rax]; cmp r8d, dword ptr [rcx*8 + 0xc]; jae 0x14","",""
"98","76","1","","mov ecx, dword ptr [rsi+0x14]","0.031","","","",""
"98","76","2","","nop word ptr [rax+rax*1]","0.015","","","",""
"98","76","3","","cmp r8d, dword ptr [rcx*8+0xc]","0.011","","","",""
"98","76","4","","jnb 0x7faf280c33ed <Block 161>","","","","",""
"99","77","0","","cmp r10d, 0x4","0.076","","cmp r10d, 4; jb 0xa","",""
"99","77","1","","jb 0x7faf280c33ed <Block 161>","","","","",""
"190","","0","","nop dword ptr [rax+rax*1]","","","","",""
"190","","1","","mov dword ptr [r15+0x484], 0xfffffff5","","","","",""
"190","","2","","mov qword ptr [r15+0x490], 0x0","","","","",""
"190","","3","","call 0x7faf2805417a","","","","",""
"92","59","0","","mov byte ptr [rdx*8+0x12], 0x1","0.045","","mov byte ptr [rdx*8 + 0x12], 1; mov byte ptr [rcx + r11*8 + 0x10], 1; mov byte ptr [r8 + r9*8 + 0x10], 1; shl rdx, 3; mov r11, rdx; jmp 0xfffffffffffffa1b","",""
"92","59","1","","mov byte ptr [rcx+r11*8+0x10], 0x1","0.065","","","",""
"92","59","2","","mov byte ptr [r8+r9*8+0x10], 0x1","0.055","","","",""
"92","59","3","","shl rdx, 0x3","0.024","","","",""
"92","59","4","","mov r11, rdx","0.033","","","",""
"92","59","5","","jmp 0x7faf280c2854 <Block 11>","0.042","","","",""
"93","70","0","","mov eax, dword ptr [rsi+0x18]","0.034","","mov eax, dword ptr [rsi + 0x18]; nop dword ptr [rax + rax]; cmp dword ptr [rax*8 + 0xc], 4; jb 0x13","",""
"93","70","1","","nop dword ptr [rax+rax*1]","0.022","","","",""
"93","70","2","","cmp dword ptr [rax*8+0xc], 0x4","0.029","","","",""
"93","70","3","","jb 0x7faf280c329b <Block 143>","0.053","","","",""
"94","72","0","","mov dword ptr [rax*8+0x1c], edx","0.034","","mov dword ptr [rax*8 + 0x1c], edx; mov byte ptr [r11 + 0x13], 0; mov byte ptr [r9 + rbx*8 + 0x10], 0; mov byte ptr [r10 + rdi*8 + 0x10], 0; cmp edx, 7; je 9","",""
"94","72","1","","mov byte ptr [r11+0x13], 0x0","0.041","","","",""
"94","72","2","","mov byte ptr [r9+rbx*8+0x10], 0x0","0.034","","","",""
"94","72","3","","mov byte ptr [r10+rdi*8+0x10], 0x0","0.039","","","",""
"94","72","4","","cmp edx, 0x7","0.030","","","",""
"94","72","5","","jz 0x7faf280c3212 <Block 135>","","","","",""
"95","74","0","","mov r8, rsi","0.038","","mov r8, rsi; mov edx, dword ptr [rsp + 0x30]; nop; call 6; nop dword ptr [rax + rax]; test eax, eax; jne 8","",""
"95","74","1","","mov edx, dword ptr [rsp+0x30]","0.022","","","",""
"95","74","2","","nop","0.032","","","",""
"95","74","3","","call 0x7faf2804e380 <resolve_opt_virtual_call>","0.030","","","",""
"90","56","0","","mov r8d, dword ptr [rsp+0x18]","0.111","","mov r8d, dword ptr [rsp + 0x18]; mov r9d, dword ptr [rsi + 0x14]; nop word ptr [rax + rax]; cmp r8d, dword ptr [r9*8 + 0xc]; jae 0x14","",""
"90","56","1","","mov r9d, dword ptr [rsi+0x14]","0.031","","","",""
"90","56","2","","nop word ptr [rax+rax*1]","0.057","","","",""
"90","56","3","","cmp r8d, dword ptr [r9*8+0xc]","0.038","","","",""
"90","56","4","","jnb 0x7faf280c3356 <Block 153>","","","","",""
"91","57","0","","cmp r10d, 0x3","0.087","","cmp r10d, 3; jb 0xa","",""
"91","57","1","","jb 0x7faf280c3356 <Block 153>","","","","",""
"89","55","0","","mov ecx, dword ptr [rsp+0x14]","0.023","","mov ecx, dword ptr [rsp + 0x14]; mov rsi, qword ptr [rsp]; mov edx, dword ptr [rsi + 0x10]; mov r10d, dword ptr [rdx*8 + 0xc]; mov r11d, dword ptr [rsi + 0xc]; cmp ecx, dword ptr [r11*8 + 0xc]; jae 0xe","",""
"89","55","1","","mov rsi, qword ptr [rsp]","0.073","","","",""
"89","55","2","","mov edx, dword ptr [rsi+0x10]","0.029","","","",""
"89","55","3","","mov r10d, dword ptr [rdx*8+0xc]","0.028","","","",""
"89","55","4","","mov r11d, dword ptr [rsi+0xc]","0.079","","","",""
"89","55","5","","cmp ecx, dword ptr [r11*8+0xc]","0.043","","","",""
"89","55","6","","jnb 0x7faf280c3356 <Block 153>","","","","",""
"85","50","0","","mov eax, dword ptr [rsi+0x18]","0.034","","mov eax, dword ptr [rsi + 0x18]; nop dword ptr [rax + rax]; cmp dword ptr [rax*8 + 0xc], 3; jb 0x13","",""
"85","50","1","","nop dword ptr [rax+rax*1]","0.054","","","",""
"85","50","2","","cmp dword ptr [rax*8+0xc], 0x3","0.036","","","",""
"85","50","3","","jb 0x7faf280c32e5 <Block 147>","0.061","","","",""
"86","52","0","","mov dword ptr [rax*8+0x18], edx","0.053","","mov dword ptr [rax*8 + 0x18], edx; mov byte ptr [r11 + 0x12], 0; mov byte ptr [rcx + rbx*8 + 0x10], 0; mov byte ptr [r10 + rdi*8 + 0x10], 0; cmp edx, 7; je 9","",""
"86","52","1","","mov byte ptr [r11+0x12], 0x0","0.032","","","",""
"86","52","2","","mov byte ptr [rcx+rbx*8+0x10], 0x0","0.020","","","",""
"86","52","3","","mov byte ptr [r10+rdi*8+0x10], 0x0","0.048","","","",""
"86","52","4","","cmp edx, 0x7","0.053","","","",""
"86","52","5","","jz 0x7faf280c3212 <Block 135>","","","","",""
"87","54","0","","mov r9, rsi","0.029","","mov r9, rsi; mov edx, r8d; nop; call 8; nop dword ptr [rax + rax]; test eax, eax; jne 8","",""
"87","54","1","","mov edx, r8d","0.023","","","",""
"87","54","2","","data16 nop","0.042","","","",""
"87","54","3","","call 0x7faf2804e380 <resolve_opt_virtual_call>","0.051","","","",""
"88","","0","","nop dword ptr [rax+rax*1+0x1c0008ac]","0.056","","","",""
"88","","1","","test eax, eax","0.040","","","",""
"88","","2","","jnz 0x7faf280c31f6 <Block 133>","","","","",""
"81","35","0","","mov r8d, dword ptr [rsp+0x30]","0.045","","mov r8d, dword ptr [rsp + 0x30]; mov rsi, qword ptr [rsp]; mov edx, dword ptr [rsi + 0x10]; mov r10d, dword ptr [rdx*8 + 0xc]; mov r11d, dword ptr [rsi + 0xc]; cmp r8d, dword ptr [r11*8 + 0xc]; jae 0xe","",""
"81","35","1","","mov rsi, qword ptr [rsp]","0.075","","","",""
"81","35","2","","mov edx, dword ptr [rsi+0x10]","0.048","","","",""
"81","35","3","","mov r10d, dword ptr [rdx*8+0xc]","0.057","","","",""
"81","35","4","","mov r11d, dword ptr [rsi+0xc]","0.094","","","",""
"81","35","5","","cmp r8d, dword ptr [r11*8+0xc]","0.028","","","",""
"81","35","6","","jnb 0x7faf280c332f <Block 151>","","","","",""
"82","36","0","","mov r9d, dword ptr [rsp+0x1c]","0.150","","mov r9d, dword ptr [rsp + 0x1c]; mov ecx, dword ptr [rsi + 0x14]; nop word ptr [rax + rax]; cmp r9d, dword ptr [rcx*8 + 0xc]; jae 0x14","",""
"82","36","1","","mov ecx, dword ptr [rsi+0x14]","0.031","","","",""
"82","36","2","","nop word ptr [rax+rax*1]","0.031","","","",""
"82","36","3","","cmp r9d, dword ptr [rcx*8+0xc]","0.033","","","",""
"82","36","4","","jnb 0x7faf280c332f <Block 151>","","","","",""
"83","37","0","","cmp r10d, 0x2","0.089","","cmp r10d, 2; jb 0xa","",""
"83","37","1","","jb 0x7faf280c332f <Block 151>","","","","",""
"84","39","0","","mov byte ptr [rdx*8+0x11], 0x1","0.022","","mov byte ptr [rdx*8 + 0x11], 1; mov byte ptr [r8 + r11*8 + 0x10], 1; mov byte ptr [r9 + rcx*8 + 0x10], 1; shl rdx, 3; mov r11, rdx; jmp 0xfffffffffffffaa3","",""
"84","39","1","","mov byte ptr [r8+r11*8+0x10], 0x1","0.121","","","",""
"84","39","2","","mov byte ptr [r9+rcx*8+0x10], 0x1","0.086","","","",""
"84","39","3","","shl rdx, 0x3","0.035","","","",""
"84","39","4","","mov r11, rdx","0.021","","","",""
"84","39","5","","jmp 0x7faf280c2827 <Block 8>","0.031","","","",""
"80","","0","","nop dword ptr [rax+rax*1+0x170007ec]","0.051","","","",""
"80","","1","","test eax, eax","0.037","","","",""
"80","","2","","jnz 0x7faf280c31f6 <Block 133>","","","","",""
"173","","0","","mov edx, r8d","","","","",""
"173","","1","","jmp 0x7faf280c3466 <Block 168>","","","","",""
"174","","0","","mov edx, dword ptr [rsp+0x34]","","","","",""
"174","","1","","jmp 0x7faf280c3466 <Block 168>","","","","",""
"171","","0","","mov edx, dword ptr [rsp+0x34]","","","","",""
"171","","1","","jmp 0x7faf280c33c7 <Block 159>","","","","",""
"172","","0","","mov edx, dword ptr [rsp+0x34]","","","","",""
"172","","1","","jmp 0x7faf280c32e5 <Block 147>","","","","",""
"177","","0","","jmp 0x7faf280c27b6 <Block 3>","","","","",""
"178","","0","","hlt","","","","",""
"175","","0","","mov edx, r8d","","","","",""
"175","","1","","jmp 0x7faf280c3466 <Block 168>","","","","",""
"176","","0","","mov qword ptr [rsp+0x40], rbp","","","","",""
"176","","1","","call 0x7faf28034220 <nmethod_entry_barrier>","","","","",""
"170","","0","","mov edx, dword ptr [rsp+0x34]","","","","",""
"170","","1","","jmp 0x7faf280c329b <Block 143>","","","","",""
"168","","0","","mov dword ptr [r15+0x484], 0xffffffe5","","","","",""
"168","","1","","mov qword ptr [r15+0x490], 0x0","","","","",""
"168","","2","","nop dword ptr [rax]","","","","",""
"168","","3","","call 0x7faf2805417a","","","","",""
"169","","0","","nop dword ptr [rax+rax*1]","","","","",""
"184","","0","","hlt","","","","",""
"184","","1","","mov dword ptr [r15+0x484], 0xfffffff5","","","","",""
"184","","2","","mov qword ptr [r15+0x490], 0x0","","","","",""
"184","","3","","nop dword ptr [rax]","","","","",""
"184","","4","","call 0x7faf2805417a","","","","",""
"185","","0","","nop dword ptr [rax+rax*1]","","","","",""
"185","","1","","mov dword ptr [r15+0x484], 0xfffffff5","","","","",""
"185","","2","","mov qword ptr [r15+0x490], 0x0","","","","",""
"185","","3","","call 0x7faf2805417a","","","","",""
"182","","0","","hlt","","","","",""
"183","","0","","lea rcx, ptr [rip-0x2d7]","","","","",""
"183","","1","","mov qword ptr [r15+0x468], rcx","","","","",""
"183","","2","","data16 nop","","","","",""
"183","","3","","jmp 0x7faf28055000 <SafepointBlob>","","","","",""
"188","","0","","nop dword ptr [rax+rax*1]","","","","",""
"188","","1","","mov dword ptr [r15+0x484], 0xfffffff5","","","","",""
"188","","2","","mov qword ptr [r15+0x490], 0x0","","","","",""
"188","","3","","call 0x7faf2805417a","","","","",""
"189","","0","","nop dword ptr [rax+rax*1]","","","","",""
"189","","1","","mov dword ptr [r15+0x484], 0xfffffff5","","","","",""
"189","","2","","mov qword ptr [r15+0x490], 0x0","","","","",""
"189","","3","","call 0x7faf2805417a","","","","",""
"186","","0","","nop dword ptr [rax+rax*1]","","","","",""
"186","","1","","mov dword ptr [r15+0x484], 0xfffffff5","","","","",""
"186","","2","","mov qword ptr [r15+0x490], 0x0","","","","",""
"186","","3","","call 0x7faf2805417a","","","","",""
"187","","0","","nop dword ptr [rax+rax*1]","","","","",""
"187","","1","","mov dword ptr [r15+0x484], 0xfffffff5","","","","",""
"187","","2","","mov qword ptr [r15+0x490], 0x0","","","","",""
"187","","3","","call 0x7faf2805417a","","","","",""
"180","","0","","hlt","","","","",""
"181","","0","","lea rcx, ptr [rip-0x2df]","","","","",""
"181","","1","","mov qword ptr [r15+0x468], rcx","","","","",""
"181","","2","","jmp 0x7faf28055000 <SafepointBlob>","","","","",""
"179","","0","","lea rcx, ptr [rip-0xbcb]","","","","",""
"179","","1","","mov qword ptr [r15+0x468], rcx","","","","",""
"179","","2","","jmp 0x7faf28055000 <SafepointBlob>","","","","",""
