"block_id","pos_index","address_timed","asm_timed_raw","time_sec","address_summary","asm_summary_raw","has_source","source"
"200","0","","nop dword ptr [rax+rax*1]","","","","",""
"200","1","","mov dword ptr [r15+0x484], 0xfffffff5","","","","",""
"200","2","","mov qword ptr [r15+0x490], 0x0","","","","",""
"200","3","","call 0x7faf2805417a","","","","",""
"16","0","","nop dword ptr [rax]","0.256","","mov r9d, dword ptr [rsp + 0x2c]; mov ecx, dword ptr [rsi + 0x14]; nop word ptr [rax + rax]; cmp r9d, dword ptr [rcx*8 + 0xc]; jae 0x18","",""
"16","1","","cmp dword ptr [r11+0xc], 0x6","0.148","","","",""
"16","2","","jb 0x7faf280c3308 <Block 149>","0.208","","","",""
"111","0","","mov r11, rsi","0.015","","","",""
"111","1","","mov edx, dword ptr [rsp+0x30]","0.013","","","",""
"111","2","","data16 nop","0.029","","","",""
"111","3","","nop","0.021","","","",""
"111","4","","data16 nop","0.028","","","",""
"111","5","","call 0x7faf2804e380 <resolve_opt_virtual_call>","0.015","","","",""
"232","0","","nop dword ptr [rax+rax*1]","","","","",""
"232","1","","mov dword ptr [r15+0x484], 0xfffffff5","","","","",""
"232","2","","mov qword ptr [r15+0x490], 0x0","","","","",""
"232","3","","call 0x7faf2805417a","","","","",""
"17","0","","cmp byte ptr [r11+0x15], 0x0","0.188","","test r11d, r11d; je 9","",""
"17","1","","jnz 0x7faf280c2a9f <Block 50>","0.223","","","",""
"112","0","","nop dword ptr [rax+rax*1+0x2b000af8]","0.032","","mov ebx, dword ptr [rsp + 0x34]; mov dword ptr [r9*8 + 0x24], ebx; mov byte ptr [r11 + 0x15], 0; mov byte ptr [r10 + rdx*8 + 0x10], 0; mov byte ptr [rcx + r8*8 + 0x10], 0; cmp ebx, 7; je 9","",""
"112","1","","test eax, eax","0.018","","","",""
"112","2","","jnz 0x7faf280c31f6 <Block 133>","","","","",""
"233","0","","nop dword ptr [rax+rax*1]","","","","",""
"233","1","","call 0x7faf280b4600 <Stub<ExceptionHandlerStub::exceptionHandler>>","","","","",""
"18","0","","nop word ptr [rax+rax*1]","0.206","","","",""
"18","1","","cmp dword ptr [r11+0xc], 0x7","0.219","","","",""
"18","2","","jb 0x7faf280c3251 <Block 139>","0.212","","","",""
"230","0","","nop dword ptr [rax+rax*1]","","","","",""
"230","1","","mov dword ptr [r15+0x484], 0xfffffff5","","","","",""
"230","2","","mov qword ptr [r15+0x490], 0x0","","","","",""
"230","3","","call 0x7faf2805417a","","","","",""
"19","0","","cmp byte ptr [r11+0x16], 0x0","0.195","","mov rbx, qword ptr [rsp + 0x20]; mov byte ptr [r10*8 + 0x10], 1; mov byte ptr [rbx + r8*8 + 0x10], 1; mov byte ptr [r9 + rcx*8 + 0x10], 1; shl r10, 3; mov r11, r10; jmp 0xfffffffffffffb37","",""
"19","1","","jnz 0x7faf280c2aff <Block 55>","0.213","","","",""
"110","0","","mov ebx, dword ptr [rsp+0x34]","0.035","","mov r9d, dword ptr [rsi + 0x18]; nop dword ptr [rax]; cmp dword ptr [r9*8 + 0xc], 6; jb 0x13","",""
"110","1","","mov dword ptr [r9*8+0x24], ebx","0.020","","","",""
"110","2","","mov byte ptr [r11+0x15], 0x0","0.029","","","",""
"110","3","","mov byte ptr [r10+rdx*8+0x10], 0x0","0.027","","","",""
"110","4","","mov byte ptr [rcx+r8*8+0x10], 0x0","0.038","","","",""
"110","5","","cmp ebx, 0x7","0.019","","","",""
"110","6","","jz 0x7faf280c3212 <Block 135>","","","","",""
"231","0","","nop dword ptr [rax+rax*1]","","","","",""
"231","1","","mov dword ptr [r15+0x484], 0xfffffff5","","","","",""
"231","2","","mov qword ptr [r15+0x490], 0x0","","","","",""
"231","3","","call 0x7faf2805417a","","","","",""
"12","0","","mov edx, dword ptr [rsp+0x34]","0.268","","mov dword ptr [r11*8 + 0x10], edx; mov byte ptr [r10*8 + 0x10], 0; mov byte ptr [rbx + rcx*8 + 0x10], 0; mov byte ptr [r9 + rdi*8 + 0x10], 0; cmp edx, 7; je 9","",""
"12","1","","lea r10d, ptr [rdx+0x4]","0.179","","","",""
"12","2","","mov dword ptr [rsp+0x10], r10d","0.257","","","",""
"12","3","","lea r9d, ptr [rdx+0x3]","0.191","","","",""
"12","4","","mov dword ptr [rsp+0xc], r9d","0.231","","","",""
"12","5","","cmp byte ptr [r11+0x13], 0x0","0.198","","","",""
"12","6","","jnz 0x7faf280c2a05 <Block 40>","0.231","","","",""
"13","0","","mov r8d, r10d","0.113","","","",""
"14","0","","cmp dword ptr [r11+0xc], 0x5","0.312","","mov qword ptr [rsp + 0x20], rbx; mov r10, rsi; mov edx, r8d; nop; call 6; nop dword ptr [rax + rax]; test eax, eax; jne 8","",""
"14","1","","jb 0x7faf280c32be <Block 145>","0.147","","","",""
"15","0","","cmp byte ptr [r11+0x14], 0x0","0.198","","mov edx, dword ptr [rsp + 0x34]; mov rsi, qword ptr [rsp]; mov r10d, dword ptr [rsi + 0x10]; mov r11d, dword ptr [r10*8 + 0xc]; mov r8d, dword ptr [rsi + 0xc]; nop dword ptr [rax + rax]; cmp edx, dword ptr [r8*8 + 0xc]; jae 0x16","",""
"15","1","","jnz 0x7faf280c2a54 <Block 45>","0.215","","","",""
"10","0","","mov r8d, r10d","0.100","","mov r11d, dword ptr [rsi + 0x18]; cmp dword ptr [r11*8 + 0xc], 0; je 0xf","",""
"11","0","","cmp dword ptr [r11+0xc], 0x4","0.219","","","",""
"11","1","","jb 0x7faf280c348d <Block 170>","0.148","","","",""
"104","0","","nop dword ptr [rax+rax*1+0x26000a30]","0.028","","mov r10d, dword ptr [rsp + 0x18]; mov edx, dword ptr [rsi + 0xc]; cmp r10d, dword ptr [rdx*8 + 0xc]; jae 0xe","",""
"104","1","","test eax, eax","0.025","","","",""
"104","2","","jnz 0x7faf280c31f6 <Block 133>","","","","",""
"225","0","","nop dword ptr [rax+rax*1]","","","","",""
"225","1","","mov dword ptr [r15+0x484], 0xfffffff5","","","","",""
"225","2","","mov qword ptr [r15+0x490], 0x0","","","","",""
"225","3","","call 0x7faf2805417a","","","","",""
"105","0","","mov r10d, dword ptr [rsp+0x10]","0.018","","nop word ptr [rax + rax]; cmp byte ptr [r10 + rdx*8 + 0x10], 0; je 0xfffffffffffffe01","",""
"105","1","","mov rsi, qword ptr [rsp]","0.039","","","",""
"105","2","","mov edx, dword ptr [rsi+0x10]","0.029","","","",""
"105","3","","mov r11d, dword ptr [rdx*8+0xc]","0.017","","","",""
"105","4","","mov r8d, dword ptr [rsi+0xc]","0.043","","","",""
"105","5","","cmp r10d, dword ptr [r8*8+0xc]","0.039","","","",""
"105","6","","jnb 0x7faf280c343b <Block 165>","","","","",""
"226","0","","nop dword ptr [rax+rax*1]","","","","",""
"226","1","","mov dword ptr [r15+0x484], 0xfffffff5","","","","",""
"226","2","","mov qword ptr [r15+0x490], 0x0","","","","",""
"226","3","","call 0x7faf2805417a","","","","",""
"102","0","","mov ebx, dword ptr [rsp+0x34]","0.031","","cmp byte ptr [r11 + 0x15], 0; jne 0xb","",""
"102","1","","mov dword ptr [rcx*8+0x20], ebx","0.024","","","",""
"102","2","","mov byte ptr [r11+0x14], 0x0","0.044","","","",""
"102","3","","mov byte ptr [r8+rdx*8+0x10], 0x0","0.023","","","",""
"102","4","","mov byte ptr [r9+r10*8+0x10], 0x0","0.024","","","",""
"102","5","","cmp ebx, 0x7","0.020","","","",""
"102","6","","jz 0x7faf280c3212 <Block 135>","","","","",""
"223","0","","nop dword ptr [rax+rax*1]","","","","",""
"223","1","","mov dword ptr [r15+0x484], 0xfffffff5","","","","",""
"223","2","","mov qword ptr [r15+0x490], 0x0","","","","",""
"223","3","","call 0x7faf2805417a","","","","",""
"103","0","","mov r11, rsi","0.018","","","",""
"103","1","","mov edx, dword ptr [rsp+0x30]","0.027","","","",""
"103","2","","nop","0.023","","","",""
"103","3","","call 0x7faf2804e380 <resolve_opt_virtual_call>","0.011","","","",""
"224","0","","nop dword ptr [rax+rax*1]","","","","",""
"224","1","","mov dword ptr [r15+0x484], 0xfffffff5","","","","",""
"224","2","","mov qword ptr [r15+0x490], 0x0","","","","",""
"224","3","","data16 nop","","","","",""
"224","4","","call 0x7faf2805417a","","","","",""
"108","0","","mov byte ptr [rdx*8+0x14], 0x1","0.022","","cmp byte ptr [rcx + r8*8 + 0x10], 0; je 0xfffffffffffffdc8; jmp 0x11","",""
"108","1","","mov byte ptr [r10+r8*8+0x10], 0x1","0.084","","","",""
"108","2","","mov byte ptr [r9+rcx*8+0x10], 0x1","0.043","","","",""
"108","3","","shl rdx, 0x3","0.013","","","",""
"108","4","","mov r11, rdx","0.021","","","",""
"108","5","","jmp 0x7faf280c2899 <Block 16>","0.035","","","",""
"229","0","","nop dword ptr [rax+rax*1]","","","","",""
"229","1","","mov dword ptr [r15+0x484], 0xfffffff5","","","","",""
"229","2","","mov qword ptr [r15+0x490], 0x0","","","","",""
"229","3","","call 0x7faf2805417a","","","","",""
"109","0","","mov r9d, dword ptr [rsi+0x18]","0.024","","","",""
"109","1","","nop dword ptr [rax]","0.037","","","",""
"109","2","","cmp dword ptr [r9*8+0xc], 0x6","0.017","","","",""
"109","3","","jb 0x7faf280c3308 <Block 149>","0.043","","","",""
"106","0","","mov r9d, dword ptr [rsp+0xc]","0.069","","","",""
"106","1","","mov ecx, dword ptr [rsi+0x14]","0.016","","","",""
"106","2","","data16 nop","0.025","","","",""
"106","3","","cmp r9d, dword ptr [rcx*8+0xc]","0.026","","","",""
"106","4","","jnb 0x7faf280c343b <Block 165>","","","","",""
"227","0","","nop dword ptr [rax+rax*1]","","","","",""
"227","1","","mov dword ptr [r15+0x484], 0xfffffff5","","","","",""
"227","2","","mov qword ptr [r15+0x490], 0x0","","","","",""
"227","3","","call 0x7faf2805417a","","","","",""
"107","0","","cmp r11d, 0x5","0.052","","mov ecx, dword ptr [rsp + 0x14]; mov r8d, dword ptr [rsi + 0x14]; nop dword ptr [rax + rax]; nop; cmp ecx, dword ptr [r8*8 + 0xc]; jae 0x1a","",""
"107","1","","jb 0x7faf280c343b <Block 165>","","","","",""
"228","0","","nop dword ptr [rax+rax*1]","","","","",""
"228","1","","mov dword ptr [r15+0x484], 0xfffffff5","","","","",""
"228","2","","mov qword ptr [r15+0x490], 0x0","","","","",""
"228","3","","call 0x7faf2805417a","","","","",""
"240","0","","jmp 0x7faf280c3c00 <Block 240>","","","","",""
"122","0","","mov r9d, dword ptr [rsp+0x30]","0.119","","cmp byte ptr [r11 + 0x16], 0; jne 0xb","",""
"122","1","","mov ecx, dword ptr [rsi+0x14]","0.030","","","",""
"122","2","","data16 nop","0.010","","","",""
"122","3","","cmp r9d, dword ptr [rcx*8+0xc]","0.006","","","",""
"122","4","","jnb 0x7faf280c3414 <Block 163>","","","","",""
"243","0","","mov rbx, 0x0","","","","",""
"123","0","","cmp r11d, 0x7","0.084","","mov r9d, dword ptr [rsp + 0x30]","",""
"123","1","","jb 0x7faf280c3414 <Block 163>","","","","",""
"244","0","","jmp 0x7faf280c3c1e <Block 244>","","","","",""
"120","0","","nop dword ptr [rax+rax*1+0x30000bb0]","0.030","","nop word ptr [rax + rax]; cmp dword ptr [r11 + 0xc], 7; jb 0x15","",""
"120","1","","test eax, eax","0.022","","","",""
"120","2","","jnz 0x7faf280c31f6 <Block 133>","","","","",""
"241","0","","mov rbx, 0x0","","","","",""
"121","0","","mov r10d, dword ptr [rsp+0x1c]","0.024","","","",""
"121","1","","mov rsi, qword ptr [rsp]","0.063","","","",""
"121","2","","mov edx, dword ptr [rsi+0x10]","0.013","","","",""
"121","3","","mov r11d, dword ptr [rdx*8+0xc]","0.026","","","",""
"121","4","","mov r8d, dword ptr [rsi+0xc]","0.135","","","",""
"121","5","","cmp r10d, dword ptr [r8*8+0xc]","0.025","","","",""
"121","6","","jnb 0x7faf280c3414 <Block 163>","","","","",""
"242","0","","jmp 0x7faf280c3c0f <Block 242>","","","","",""
"4","0","","mov r11d, r10d","0.185","","mov ecx, dword ptr [rsi + 0xc]; nop word ptr [rax + rax]; cmp edx, dword ptr [rcx*8 + 0xc]; jae 0x18","",""
"4","1","","shl r11, 0x3","0.240","","","",""
"4","2","","mov r8d, edx","0.209","","","",""
"4","3","","inc r8d","0.234","","","",""
"4","4","","mov dword ptr [rsp+0x30], r8d","0.179","","","",""
"4","5","","lea r9d, ptr [rdx+0x7]","0.249","","","",""
"4","6","","mov dword ptr [rsp+0x2c], r9d","0.212","","","",""
"4","7","","cmp byte ptr [r10*8+0x10], 0x0","0.245","","","",""
"4","8","","jnz 0x7faf280c2912 <Block 25>","0.408","","","",""
"3","0","","mov qword ptr [rsp+0x40], rbp","0.220","","","",""
"3","1","","mov qword ptr [rsp], rsi","0.240","","","",""
"3","2","","mov dword ptr [rsp+0x34], edx","0.275","","","",""
"3","3","","mov r10d, dword ptr [rsi+0x10]","0.164","","","",""
"3","4","","cmp dword ptr [r10*8+0xc], 0x0","0.255","","","",""
"3","5","","jz 0x7faf280c322e <Block 137>","0.468","","","",""
"6","0","","lea r10d, ptr [rdx+0x6]","0.163","","","",""
"6","1","","mov dword ptr [rsp+0x1c], r10d","0.189","","","",""
"6","2","","cmp byte ptr [r11+0x11], 0x0","0.222","","","",""
"6","3","","jnz 0x7faf280c295f <Block 30>","0.252","","","",""
"5","0","","cmp dword ptr [r11+0xc], 0x2","0.213","","mov ebx, edx; cmp byte ptr [rbx + rcx*8 + 0x10], 0; je 0xfffffffffffffec0","",""
"5","1","","jb 0x7faf280c3278 <Block 141>","0.233","","","",""
"8","0","","cmp dword ptr [r11+0xc], 0x3","0.278","","cmp byte ptr [r9 + rdi*8 + 0x10], 0; je 0xfffffffffffffea1; jmp 0x11","",""
"8","1","","jb 0x7faf280c349f <Block 172>","0.190","","","",""
"7","0","","mov r8d, dword ptr [rsp+0x30]","0.145","","mov edi, dword ptr [rsi + 0x14]; nop; cmp r9d, dword ptr [rdi*8 + 0xc]; jae 0x11","",""
"7","1","","mov r9d, r10d","0.212","","","",""
"9","0","","mov edx, dword ptr [rsp+0x34]","0.155","","","",""
"9","1","","lea r10d, ptr [rdx+0x5]","0.231","","","",""
"9","2","","mov dword ptr [rsp+0x18], r10d","0.309","","","",""
"9","3","","lea ecx, ptr [rdx+0x2]","0.174","","","",""
"9","4","","mov dword ptr [rsp+0x14], ecx","0.144","","","",""
"9","5","","cmp byte ptr [r11+0x12], 0x0","0.239","","","",""
"9","6","","jnz 0x7faf280c29b4 <Block 35>","0.312","","","",""
"115","0","","cmp r11d, 0x6","0.048","","mov r10d, dword ptr [rsp + 0x18]; mov rsi, qword ptr [rsp]; mov edx, dword ptr [rsi + 0x10]; mov r11d, dword ptr [rdx*8 + 0xc]; mov r8d, dword ptr [rsi + 0xc]; cmp r10d, dword ptr [r8*8 + 0xc]; jae 0xe","",""
"115","1","","jb 0x7faf280c337d <Block 155>","","","","",""
"236","0","","jmp 0x7faf280c3be2 <Block 236>","","","","",""
"116","0","","mov byte ptr [rdx*8+0x15], 0x1","0.032","","mov ecx, dword ptr [rsp + 0x14]; mov r9d, dword ptr [rsi + 0x14]; cmp ecx, dword ptr [r9*8 + 0xc]; jae 0xe","",""
"116","1","","mov byte ptr [r10+r8*8+0x10], 0x1","0.043","","","",""
"116","2","","mov byte ptr [rcx+r9*8+0x10], 0x1","0.037","","","",""
"116","3","","shl rdx, 0x3","0.039","","","",""
"116","4","","mov r11, rdx","0.012","","","",""
"116","5","","jmp 0x7faf280c28b6 <Block 18>","0.011","","","",""
"237","0","","mov rbx, 0x0","","","","",""
"113","0","","mov r10d, dword ptr [rsp+0x18]","0.030","","","",""
"113","1","","mov rsi, qword ptr [rsp]","0.041","","","",""
"113","2","","mov edx, dword ptr [rsi+0x10]","0.023","","","",""
"113","3","","mov r11d, dword ptr [rdx*8+0xc]","0.034","","","",""
"113","4","","mov r8d, dword ptr [rsi+0xc]","0.078","","","",""
"113","5","","cmp r10d, dword ptr [r8*8+0xc]","0.015","","","",""
"113","6","","jnb 0x7faf280c337d <Block 155>","","","","",""
"234","0","","hlt","","","","",""
"234","1","","call 0x7faf28053f20 <DeoptimizationBlob>","","","","",""
"114","0","","mov ecx, dword ptr [rsp+0x14]","0.090","","mov r11, rsi; mov edx, dword ptr [rsp + 0x30]; nop; nop; nop; call 0xc; nop dword ptr [rax + rax]; test eax, eax; jne 8","",""
"114","1","","mov r9d, dword ptr [rsi+0x14]","0.026","","","",""
"114","2","","cmp ecx, dword ptr [r9*8+0xc]","0.006","","","",""
"114","3","","jnb 0x7faf280c337d <Block 155>","","","","",""
"235","0","","hlt","","","","",""
"235","1","","hlt","","","","",""
"235","2","","hlt","","","","",""
"235","3","","hlt","","","","",""
"235","4","","hlt","","","","",""
"235","5","","hlt","","","","",""
"235","6","","hlt","","","","",""
"235","7","","hlt","","","","",""
"235","8","","mov rbx, 0x0","","","","",""
"119","0","","mov r11, rsi","0.057","","mov byte ptr [rdx*8 + 0x15], 1; mov byte ptr [r10 + r8*8 + 0x10], 1; mov byte ptr [rcx + r9*8 + 0x10], 1; shl rdx, 3; mov r11, rdx; jmp 0xfffffffffffff83d","",""
"119","1","","mov edx, r8d","0.025","","","",""
"119","2","","nop","0.030","","","",""
"119","3","","call 0x7faf2804e380 <resolve_opt_virtual_call>","0.025","","","",""
"117","0","","mov ecx, dword ptr [rsi+0x18]","0.024","","cmp r11d, 6; jb 0xa","",""
"117","1","","cmp dword ptr [rcx*8+0xc], 0x7","0.034","","","",""
"117","2","","jb 0x7faf280c3251 <Block 139>","0.061","","","",""
"238","0","","jmp 0x7faf280c3bf1 <Block 238>","","","","",""
"118","0","","mov ebx, dword ptr [rsp+0x34]","0.019","","","",""
"118","1","","mov dword ptr [rcx*8+0x28], ebx","0.042","","","",""
"118","2","","mov byte ptr [r11+0x16], 0x0","0.057","","","",""
"118","3","","mov byte ptr [r10+rdx*8+0x10], 0x0","0.029","","","",""
"118","4","","mov byte ptr [r8+r9*8+0x10], 0x0","0.021","","","",""
"118","5","","cmp ebx, 0x7","0.041","","","",""
"118","6","","jz 0x7faf280c3212 <Block 135>","","","","",""
"239","0","","mov rbx, 0x0","","","","",""
"38","0","","cmp byte ptr [r10+rdi*8+0x10], 0x0","0.131","","","",""
"38","1","","jnz 0x7faf280c2d78 <Block 85>","0.072","","","",""
"210","0","","nop dword ptr [rax+rax*1]","","","mov dword ptr [r15 + 0x484], 0xffffffe5; mov qword ptr [r15 + 0x490], 0; call 5; nop dword ptr [rax + rax]","",""
"210","1","","mov dword ptr [r15+0x484], 0xfffffff5","","","","",""
"210","2","","mov qword ptr [r15+0x490], 0x0","","","","",""
"210","3","","call 0x7faf2805417a","","","","",""
"39","0","","mov r8d, r10d","0.007","","mov byte ptr [rdx*8 + 0x11], 1; mov byte ptr [r8 + r11*8 + 0x10], 1; mov byte ptr [r9 + rcx*8 + 0x10], 1; shl rdx, 3; mov r11, rdx; jmp 0xfffffffffffffaa3","",""
"39","1","","data16 nop","0.003","","","",""
"39","2","","jmp 0x7faf280c2854 <Block 11>","0.005","","","",""
"211","0","","nop dword ptr [rax+rax*1]","","","","",""
"211","1","","mov dword ptr [r15+0x484], 0xfffffff5","","","","",""
"211","2","","mov qword ptr [r15+0x490], 0x0","","","","",""
"211","3","","call 0x7faf2805417a","","","","",""
"34","0","","mov r9d, r10d","0.005","","mov r11, rsi; mov edx, r8d; nop; call 7; nop dword ptr [rax + rax]; test eax, eax; jne 8","",""
"34","1","","jmp 0x7faf280c2827 <Block 8>","0.006","","","",""
"35","0","","mov ebx, dword ptr [rsi+0xc]","0.053","","mov r8d, dword ptr [rsp + 0x30]; mov rsi, qword ptr [rsp]; mov edx, dword ptr [rsi + 0x10]; mov r10d, dword ptr [rdx*8 + 0xc]; mov r11d, dword ptr [rsi + 0xc]; cmp r8d, dword ptr [r11*8 + 0xc]; jae 0xe","",""
"35","1","","nop word ptr [rax+rax*1]","0.054","","","",""
"35","2","","cmp ecx, dword ptr [rbx*8+0xc]","0.083","","","",""
"35","3","","jnb 0x7faf280c32e5 <Block 147>","","","","",""
"36","0","","cmp byte ptr [rcx+rbx*8+0x10], 0x0","0.169","","mov r9d, dword ptr [rsp + 0x1c]; mov ecx, dword ptr [rsi + 0x14]; nop word ptr [rax + rax]; cmp r9d, dword ptr [rcx*8 + 0xc]; jae 0x14","",""
"36","1","","jz 0x7faf280c2bcd <Block 66>","0.132","","","",""
"37","0","","mov edi, dword ptr [rsi+0x14]","0.071","","cmp r10d, 2; jb 0xa","",""
"37","1","","nop dword ptr [rax+rax*1]","0.035","","","",""
"37","2","","cmp r10d, dword ptr [rdi*8+0xc]","0.035","","","",""
"37","3","","jnb 0x7faf280c32e5 <Block 147>","","","","",""
"30","0","","mov r8d, dword ptr [rsp+0x30]","0.051","","mov edi, dword ptr [rsi + 0x18]; cmp dword ptr [rdi*8 + 0xc], 2; jb 0xe","",""
"30","1","","mov ecx, dword ptr [rsi+0xc]","0.147","","","",""
"30","2","","cmp r8d, dword ptr [rcx*8+0xc]","0.063","","","",""
"30","3","","jnb 0x7faf280c3278 <Block 141>","","","","",""
"31","0","","nop word ptr [rax+rax*1]","0.146","","","",""
"31","1","","cmp byte ptr [r8+rcx*8+0x10], 0x0","0.058","","","",""
"31","2","","jz 0x7faf280c2bc5 <Block 65>","0.175","","","",""
"2","0","","mov dword ptr [rsp-0x14000], eax","0.419","","mov r11d, r10d; shl r11, 3; mov r8d, edx; inc r8d; mov dword ptr [rsp + 0x30], r8d; lea r9d, [rdx + 7]; mov dword ptr [rsp + 0x2c], r9d; nop word ptr [rax + rax]; cmp byte ptr [r10*8 + 0x10], 0; jne 0x1a","",""
"2","1","","sub rsp, 0x48","0.455","","","",""
"2","2","","cmp dword ptr [r15+0x20], 0x1","0.258","","","",""
"2","3","","jnz 0x7faf280c34b8 <Block 176>","0.168","","","",""
"32","0","","mov ebx, dword ptr [rsi+0x14]","0.042","","mov dword ptr [rdi*8 + 0x14], edx; mov byte ptr [r11 + 0x11], 0; mov byte ptr [r8 + rcx*8 + 0x10], 0; mov byte ptr [r10 + rbx*8 + 0x10], 0; cmp edx, 7; je 9","",""
"32","1","","cmp r10d, dword ptr [rbx*8+0xc]","0.035","","","",""
"32","2","","jnb 0x7faf280c3278 <Block 141>","","","","",""
"1","0","","mov r10d, dword ptr [rsi+0x8]","","","","",""
"1","1","","mov r12, 0x7faeb7000000","","","","",""
"1","2","","add r10, r12","","","","",""
"1","3","","xor r12, r12","","","","",""
"1","4","","cmp rax, r10","","","","",""
"1","5","","jnz 0x7faf2804e080 <ic_miss_stub>","","","","",""
"33","0","","data16 nop","0.088","","","",""
"33","1","","cmp byte ptr [r10+rbx*8+0x10], 0x0","0.023","","","",""
"33","2","","jnz 0x7faf280c2cbd <Block 77>","0.066","","","",""
"209","0","","nop dword ptr [rax+rax*1]","","","","",""
"209","1","","mov dword ptr [r15+0x484], 0xfffffff5","","","","",""
"209","2","","mov qword ptr [r15+0x490], 0x0","","","","",""
"209","3","","call 0x7faf2805417a","","","","",""
"203","0","","nop dword ptr [rax+rax*1]","","","mov dword ptr [r15 + 0x484], 0xffffffe5; mov qword ptr [r15 + 0x490], 0; call 5; nop dword ptr [rax + rax]","",""
"203","1","","mov dword ptr [r15+0x484], 0xfffffff5","","","","",""
"203","2","","mov qword ptr [r15+0x490], 0x0","","","","",""
"203","3","","call 0x7faf2805417a","","","","",""
"204","0","","nop dword ptr [rax+rax*1]","","","","",""
"204","1","","mov dword ptr [r15+0x484], 0xfffffff5","","","","",""
"204","2","","mov qword ptr [r15+0x490], 0x0","","","","",""
"204","3","","data16 nop","","","","",""
"204","4","","call 0x7faf2805417a","","","","",""
"201","0","","nop dword ptr [rax+rax*1]","","","","",""
"201","1","","mov dword ptr [r15+0x484], 0xfffffff5","","","","",""
"201","2","","mov qword ptr [r15+0x490], 0x0","","","","",""
"201","3","","call 0x7faf2805417a","","","","",""
"202","0","","nop dword ptr [rax+rax*1]","","","","",""
"202","1","","mov dword ptr [r15+0x484], 0xfffffff5","","","","",""
"202","2","","mov qword ptr [r15+0x490], 0x0","","","","",""
"202","3","","call 0x7faf2805417a","","","","",""
"207","0","","nop dword ptr [rax+rax*1]","","","","",""
"207","1","","mov dword ptr [r15+0x484], 0xfffffff5","","","","",""
"207","2","","mov qword ptr [r15+0x490], 0x0","","","","",""
"207","3","","call 0x7faf2805417a","","","","",""
"208","0","","nop dword ptr [rax+rax*1]","","","","",""
"208","1","","mov dword ptr [r15+0x484], 0xfffffff5","","","","",""
"208","2","","mov qword ptr [r15+0x490], 0x0","","","","",""
"208","3","","call 0x7faf2805417a","","","","",""
"205","0","","nop dword ptr [rax+rax*1]","","","","",""
"205","1","","mov dword ptr [r15+0x484], 0xfffffff5","","","","",""
"205","2","","mov qword ptr [r15+0x490], 0x0","","","","",""
"205","3","","call 0x7faf2805417a","","","","",""
"206","0","","nop dword ptr [rax+rax*1]","","","mov edx, dword ptr [rsp + 0x34]; mov dword ptr [r15 + 0x484], 0xffffffe5; mov qword ptr [r15 + 0x490], 0; call 5; nop dword ptr [rax + rax]","",""
"206","1","","mov dword ptr [r15+0x484], 0xfffffff5","","","","",""
"206","2","","mov qword ptr [r15+0x490], 0x0","","","","",""
"206","3","","call 0x7faf2805417a","","","","",""
"27","0","","mov edi, dword ptr [rsi+0x14]","0.000","","mov ebx, dword ptr [rsi + 0x14]; cmp r10d, dword ptr [rbx*8 + 0xc]; jae 0xe","",""
"27","1","","data16 nop","","","","",""
"27","2","","cmp r9d, dword ptr [rdi*8+0xc]","0.004","","","",""
"27","3","","jnb 0x7faf280c322e <Block 137>","","","","",""
"100","0","","mov byte ptr [rdx*8+0x13], 0x1","0.014","","nop word ptr [rax + rax]; cmp dword ptr [r11 + 0xc], 6; jb 0x15","",""
"100","1","","mov byte ptr [r9+r11*8+0x10], 0x1","0.068","","","",""
"100","2","","mov byte ptr [r8+rcx*8+0x10], 0x1","0.064","","","",""
"100","3","","shl rdx, 0x3","0.040","","","",""
"100","4","","mov r11, rdx","0.018","","","",""
"100","5","","jmp 0x7faf280c2883 <Block 14>","0.022","","","",""
"221","0","","nop dword ptr [rax+rax*1]","","","","",""
"221","1","","mov dword ptr [r15+0x484], 0xfffffff5","","","","",""
"221","2","","mov qword ptr [r15+0x490], 0x0","","","","",""
"221","3","","call 0x7faf2805417a","","","","",""
"28","0","","cmp byte ptr [r9+rdi*8+0x10], 0x0","0.001","","nop; cmp byte ptr [r10 + rbx*8 + 0x10], 0; jne 0xf","",""
"28","1","","jz 0x7faf280c2800 <Block 5>","0.004","","","",""
"101","0","","mov ecx, dword ptr [rsi+0x18]","0.030","","","",""
"101","1","","nop dword ptr [rax+rax*1]","0.039","","","",""
"101","2","","cmp dword ptr [rcx*8+0xc], 0x5","0.030","","","",""
"101","3","","jb 0x7faf280c32be <Block 145>","0.053","","","",""
"222","0","","nop dword ptr [rax+rax*1]","","","","",""
"222","1","","mov dword ptr [r15+0x484], 0xfffffff5","","","","",""
"222","2","","mov qword ptr [r15+0x490], 0x0","","","","",""
"222","3","","call 0x7faf2805417a","","","","",""
"29","0","","jmp 0x7faf280c2be7 <Block 69>","0.003","","mov r9d, r10d; jmp 0xfffffffffffffe67","",""
"220","0","","nop dword ptr [rax+rax*1]","","","","",""
"220","1","","mov dword ptr [r15+0x484], 0xfffffff5","","","","",""
"220","2","","mov qword ptr [r15+0x490], 0x0","","","","",""
"220","3","","call 0x7faf2805417a","","","","",""
"23","0","","mov eax, 0x0","0.174","","mov r8d, dword ptr [rsp + 0x30]; mov r9d, r10d","",""
"23","1","","mov rbp, qword ptr [rsp+0x40]","0.213","","","",""
"23","2","","add rsp, 0x48","0.166","","","",""
"23","3","","cmp rsp, qword ptr [r15+0x450]","0.241","","","",""
"23","4","","jnbe 0x7faf280c34c8 <Block 179>","","","","",""
"24","0","","ret","0.169","","mov r8d, dword ptr [rsp + 0x30]; mov ecx, dword ptr [rsi + 0xc]; cmp r8d, dword ptr [rcx*8 + 0xc]; jae 0xe","",""
"25","0","","mov ecx, dword ptr [rsi+0xc]","","","nop word ptr [rax + rax]; cmp byte ptr [r8 + rcx*8 + 0x10], 0; je 0x17","",""
"25","1","","nop word ptr [rax+rax*1]","","","","",""
"25","2","","cmp edx, dword ptr [rcx*8+0xc]","0.005","","","",""
"25","3","","jnb 0x7faf280c322e <Block 137>","","","","",""
"26","0","","mov ebx, edx","0.005","","mov r9d, r10d; jmp 0xfffffffffffffc4e","",""
"26","1","","cmp byte ptr [rbx+rcx*8+0x10], 0x0","","","","",""
"26","2","","jz 0x7faf280c2800 <Block 5>","0.013","","","",""
"20","0","","mov r9d, dword ptr [rsp+0x30]","0.086","","cmp dword ptr [r11 + 0xc], 2; jb 0xb","",""
"21","0","","nop dword ptr [rax+rax*1]","0.267","","","",""
"21","1","","cmp dword ptr [r11+0xc], 0x8","0.179","","","",""
"21","2","","jb 0x7faf280c3462 <Block 167>","0.156","","","",""
"22","0","","cmp byte ptr [r11+0x17], 0x0","0.198","","lea r10d, [rdx + 6]; mov dword ptr [rsp + 0x1c], r10d; cmp byte ptr [r11 + 0x11], 0; jne 0xb","",""
"22","1","","jnz 0x7faf280c2b65 <Block 60>","0.267","","","",""
"214","0","","nop dword ptr [rax+rax*1]","","","","",""
"214","1","","mov dword ptr [r15+0x484], 0xfffffff5","","","","",""
"214","2","","mov qword ptr [r15+0x490], 0x0","","","","",""
"214","3","","data16 nop","","","","",""
"214","4","","call 0x7faf2805417a","","","","",""
"215","0","","nop dword ptr [rax+rax*1]","","","mov eax, 1; mov rbp, qword ptr [rsp + 0x40]; add rsp, 0x48; cmp rsp, qword ptr [r15 + 0x450]; ja 0x16; ret","",""
"215","1","","mov dword ptr [r15+0x484], 0xfffffff5","","","","",""
"215","2","","mov qword ptr [r15+0x490], 0x0","","","","",""
"215","3","","call 0x7faf2805417a","","","","",""
"212","0","","nop dword ptr [rax+rax*1]","","","","",""
"212","1","","mov dword ptr [r15+0x484], 0xfffffff5","","","","",""
"212","2","","mov qword ptr [r15+0x490], 0x0","","","","",""
"212","3","","call 0x7faf2805417a","","","","",""
"213","0","","nop dword ptr [rax+rax*1]","","","mov dword ptr [r15 + 0x484], 0xffffffe5; mov qword ptr [r15 + 0x490], 0; call 5; nop dword ptr [rax + rax]","",""
"213","1","","mov dword ptr [r15+0x484], 0xfffffff5","","","","",""
"213","2","","mov qword ptr [r15+0x490], 0x0","","","","",""
"213","3","","call 0x7faf2805417a","","","","",""
"218","0","","nop dword ptr [rax+rax*1]","","","mov dword ptr [r15 + 0x484], 0xffffffe5; mov qword ptr [r15 + 0x490], 0; call 5; nop dword ptr [rax + rax]","",""
"218","1","","mov dword ptr [r15+0x484], 0xfffffff5","","","","",""
"218","2","","mov qword ptr [r15+0x490], 0x0","","","","",""
"218","3","","call 0x7faf2805417a","","","","",""
"219","0","","nop dword ptr [rax+rax*1]","","","","",""
"219","1","","mov dword ptr [r15+0x484], 0xfffffff5","","","","",""
"219","2","","mov qword ptr [r15+0x490], 0x0","","","","",""
"219","3","","call 0x7faf2805417a","","","","",""
"216","0","","nop dword ptr [rax+rax*1]","","","","",""
"216","1","","mov dword ptr [r15+0x484], 0xfffffff5","","","","",""
"216","2","","mov qword ptr [r15+0x490], 0x0","","","","",""
"216","3","","call 0x7faf2805417a","","","","",""
"217","0","","nop dword ptr [rax+rax*1]","","","","",""
"217","1","","mov dword ptr [r15+0x484], 0xfffffff5","","","","",""
"217","2","","mov qword ptr [r15+0x490], 0x0","","","","",""
"217","3","","call 0x7faf2805417a","","","","",""
"151","0","","mov edx, dword ptr [rsp+0x34]","","","mov edx, r8d; jmp 0xffffffffffffffbb","",""
"151","1","","mov dword ptr [r15+0x484], 0xffffffe5","","","","",""
"151","2","","mov qword ptr [r15+0x490], 0x0","","","","",""
"151","3","","call 0x7faf2805417a","","","","",""
"152","0","","nop dword ptr [rax+rax*1]","","","mov dword ptr [rdi*8 + 0x2c], r8d; mov byte ptr [r11 + 0x17], 0; mov byte ptr [r10 + rdx*8 + 0x10], 0; mov byte ptr [rbx + rcx*8 + 0x10], 0; cmp r8d, 7; je 0xa","",""
"150","0","","nop dword ptr [rax+rax*1]","","","mov edi, dword ptr [rsi + 0x18]; nop dword ptr [rax + rax]; cmp dword ptr [rdi*8 + 0xc], 8; jb 0x13","",""
"155","0","","mov edx, dword ptr [rsp+0x34]","","","mov qword ptr [rsp + 0x20], rbx; mov r11, rsi; mov edx, r9d; call 5; nop dword ptr [rax + rax]; test eax, eax; jne 8","",""
"155","1","","mov dword ptr [r15+0x484], 0xffffffe5","","","","",""
"155","2","","mov qword ptr [r15+0x490], 0x0","","","","",""
"155","3","","call 0x7faf2805417a","","","","",""
"156","0","","nop dword ptr [rax+rax*1]","","","mov r9d, dword ptr [rsp + 0x2c]; mov rsi, qword ptr [rsp]; mov eax, dword ptr [rsi + 0x10]; mov r10d, dword ptr [rax*8 + 0xc]; mov r11d, dword ptr [rsi + 0xc]; cmp r9d, dword ptr [r11*8 + 0xc]; jae 0xe","",""
"153","0","","mov edx, dword ptr [rsp+0x34]","","","","",""
"153","1","","mov dword ptr [r15+0x484], 0xffffffe5","","","","",""
"153","2","","mov qword ptr [r15+0x490], 0x0","","","","",""
"153","3","","call 0x7faf2805417a","","","","",""
"154","0","","nop dword ptr [rax+rax*1]","","","mov eax, 1; mov rbp, qword ptr [rsp + 0x40]; add rsp, 0x48; cmp rsp, qword ptr [r15 + 0x450]; ja 0x16; ret","",""
"56","0","","nop word ptr [rax+rax*1]","0.242","","mov r8d, dword ptr [rsp + 0x18]; mov r9d, dword ptr [rsi + 0x14]; nop word ptr [rax + rax]; cmp r8d, dword ptr [r9*8 + 0xc]; jae 0x14","",""
"56","1","","cmp byte ptr [r10+rdx*8+0x10], 0x0","0.117","","","",""
"56","2","","jz 0x7faf280c2bdd <Block 68>","0.240","","","",""
"57","0","","mov r8d, dword ptr [rsp+0x30]","0.098","","cmp r10d, 3; jb 0xa","",""
"57","1","","mov r9d, dword ptr [rsi+0x14]","0.075","","","",""
"57","2","","nop word ptr [rax+rax*1]","0.118","","","",""
"57","3","","cmp r8d, dword ptr [r9*8+0xc]","0.106","","","",""
"57","4","","jnb 0x7faf280c3251 <Block 139>","","","","",""
"58","0","","cmp byte ptr [r8+r9*8+0x10], 0x0","0.186","","","",""
"58","1","","jnz 0x7faf280c307e <Block 117>","0.192","","","",""
"59","0","","mov r9d, r8d","0.080","","mov byte ptr [rdx*8 + 0x12], 1; mov byte ptr [rcx + r11*8 + 0x10], 1; mov byte ptr [r8 + r9*8 + 0x10], 1; shl rdx, 3; mov r11, rdx; jmp 0xfffffffffffffa1b","",""
"59","1","","data16 nop","0.056","","","",""
"59","2","","jmp 0x7faf280c28db <Block 21>","0.069","","","",""
"52","0","","mov ecx, dword ptr [rsp+0x14]","0.077","","mov dword ptr [rax*8 + 0x18], edx; mov byte ptr [r11 + 0x12], 0; mov byte ptr [rcx + rbx*8 + 0x10], 0; mov byte ptr [r10 + rdi*8 + 0x10], 0; cmp edx, 7; je 9","",""
"52","1","","mov r8d, dword ptr [rsi+0x14]","0.092","","","",""
"52","2","","nop dword ptr [rax+rax*1]","0.054","","","",""
"52","3","","data16 nop","0.098","","","",""
"52","4","","cmp ecx, dword ptr [r8*8+0xc]","0.080","","","",""
"52","5","","jnb 0x7faf280c3308 <Block 149>","","","","",""
"53","0","","cmp byte ptr [rcx+r8*8+0x10], 0x0","0.157","","","",""
"53","1","","jz 0x7faf280c28b6 <Block 18>","0.180","","","",""
"54","0","","jmp 0x7faf280c2fb8 <Block 109>","0.014","","mov r9, rsi; mov edx, r8d; nop; call 8; nop dword ptr [rax + rax]; test eax, eax; jne 8","",""
"55","0","","mov r10d, dword ptr [rsp+0x1c]","0.114","","mov ecx, dword ptr [rsp + 0x14]; mov rsi, qword ptr [rsp]; mov edx, dword ptr [rsi + 0x10]; mov r10d, dword ptr [rdx*8 + 0xc]; mov r11d, dword ptr [rsi + 0xc]; cmp ecx, dword ptr [r11*8 + 0xc]; jae 0xe","",""
"55","1","","mov edx, dword ptr [rsi+0xc]","0.094","","","",""
"55","2","","cmp r10d, dword ptr [rdx*8+0xc]","0.109","","","",""
"55","3","","jnb 0x7faf280c3251 <Block 139>","","","","",""
"50","0","","mov r10d, dword ptr [rsp+0x18]","0.081","","mov eax, dword ptr [rsi + 0x18]; nop dword ptr [rax + rax]; cmp dword ptr [rax*8 + 0xc], 3; jb 0x13","",""
"50","1","","mov edx, dword ptr [rsi+0xc]","0.148","","","",""
"50","2","","cmp r10d, dword ptr [rdx*8+0xc]","0.092","","","",""
"50","3","","jnb 0x7faf280c3308 <Block 149>","","","","",""
"51","0","","nop word ptr [rax+rax*1]","0.286","","","",""
"51","1","","cmp byte ptr [r10+rdx*8+0x10], 0x0","0.131","","","",""
"51","2","","jz 0x7faf280c28b6 <Block 18>","0.259","","","",""
"148","0","","nop dword ptr [rax+rax*1]","","","mov ebx, r8d; cmp byte ptr [rbx + rcx*8 + 0x10], 0; je 0xfffffffffffffd45; nop dword ptr [rax]; jmp 0x14","",""
"149","0","","mov edx, dword ptr [rsp+0x34]","","","","",""
"149","1","","mov dword ptr [r15+0x484], 0xffffffe5","","","","",""
"149","2","","mov qword ptr [r15+0x490], 0x0","","","","",""
"149","3","","call 0x7faf2805417a","","","","",""
"146","0","","nop dword ptr [rax+rax*1]","","","","",""
"147","0","","mov dword ptr [r15+0x484], 0xffffffe5","","","mov r8d, dword ptr [rsp + 0x34]; mov ecx, dword ptr [rsi + 0x14]; nop dword ptr [rax + rax]; nop; cmp r8d, dword ptr [rcx*8 + 0xc]; jae 0x1a","",""
"147","1","","mov qword ptr [r15+0x490], 0x0","","","","",""
"147","2","","call 0x7faf2805417a","","","","",""
"162","0","","nop dword ptr [rax+rax*1]","","","","",""
"163","0","","mov edx, dword ptr [rsp+0x34]","","","mov edx, dword ptr [rsp + 0x34]; jmp 0xffffffffffffff2d","",""
"163","1","","mov dword ptr [r15+0x484], 0xffffffe5","","","","",""
"163","2","","mov qword ptr [r15+0x490], 0x0","","","","",""
"163","3","","call 0x7faf2805417a","","","","",""
"160","0","","nop dword ptr [rax+rax*1]","","","mov rbx, qword ptr [rsp + 0x20]; mov byte ptr [rax*8 + 0x17], 1; mov byte ptr [r9 + r11*8 + 0x10], 1; mov byte ptr [rbx + r8*8 + 0x10], 1; jmp 0xfffffffffffff705","",""
"161","0","","mov edx, dword ptr [rsp+0x34]","","","mov eax, 0; mov rbp, qword ptr [rsp + 0x40]; add rsp, 0x48; cmp rsp, qword ptr [r15 + 0x450]; ja 0x16; ret","",""
"161","1","","mov dword ptr [r15+0x484], 0xffffffe5","","","","",""
"161","2","","mov qword ptr [r15+0x490], 0x0","","","","",""
"161","3","","call 0x7faf2805417a","","","","",""
"49","0","","jmp 0x7faf280c2ef8 <Block 101>","0.024","","mov r8d, r10d; nop; jmp 0xfffffffffffffe51","",""
"166","0","","nop dword ptr [rax+rax*1]","","","mov edx, r8d; jmp 0xffffffffffffffb0","",""
"167","0","","mov edx, dword ptr [rsp+0x34]","","","mov edx, dword ptr [rsp + 0x34]; jmp 0xffffffffffffffb5","",""
"164","0","","nop dword ptr [rax+rax*1]","","","mov dword ptr [r15 + 0x484], 0xffffffe5; mov qword ptr [r15 + 0x490], 0; nop; call 8; nop dword ptr [rax + rax]","",""
"165","0","","mov edx, dword ptr [rsp+0x34]","","","","",""
"165","1","","mov dword ptr [r15+0x484], 0xffffffe5","","","","",""
"165","2","","mov qword ptr [r15+0x490], 0x0","","","","",""
"165","3","","call 0x7faf2805417a","","","","",""
"45","0","","mov edx, dword ptr [rsi+0xc]","0.144","","cmp byte ptr [rcx + rbx*8 + 0x10], 0; je 0xb","",""
"45","1","","nop word ptr [rax+rax*1]","0.070","","","",""
"45","2","","cmp r8d, dword ptr [rdx*8+0xc]","0.079","","","",""
"45","3","","jnb 0x7faf280c32be <Block 145>","","","","",""
"46","0","","cmp byte ptr [r8+rdx*8+0x10], 0x0","0.194","","mov r8d, r10d; jmp 0xfffffffffffffc7e","",""
"46","1","","jz 0x7faf280c2899 <Block 16>","0.142","","","",""
"47","0","","mov r10d, dword ptr [rsi+0x14]","0.050","","mov edi, dword ptr [rsi + 0x14]; nop dword ptr [rax + rax]; cmp r10d, dword ptr [rdi*8 + 0xc]; jae 0x13","",""
"47","1","","data16 nop","0.077","","","",""
"47","2","","cmp r9d, dword ptr [r10*8+0xc]","0.047","","","",""
"47","3","","jnb 0x7faf280c32be <Block 145>","","","","",""
"48","0","","cmp byte ptr [r9+r10*8+0x10], 0x0","0.099","","cmp byte ptr [r10 + rdi*8 + 0x10], 0; jne 0xc","",""
"48","1","","jz 0x7faf280c2899 <Block 16>","0.142","","","",""
"41","0","","nop word ptr [rax+rax*1]","0.157","","mov edx, dword ptr [rsp + 0x34]; jmp 0xfffffffffffffe42","",""
"41","1","","cmp byte ptr [r9+rbx*8+0x10], 0x0","0.087","","","",""
"41","2","","jz 0x7faf280c2bd5 <Block 67>","0.187","","","",""
"42","0","","mov edi, dword ptr [rsi+0x14]","0.071","","mov edx, dword ptr [rsp + 0x34]; lea r10d, [rdx + 5]; mov dword ptr [rsp + 0x18], r10d; lea ecx, [rdx + 2]; mov dword ptr [rsp + 0x14], ecx; nop; cmp byte ptr [r11 + 0x12], 0; jne 0xc","",""
"42","1","","cmp r10d, dword ptr [rdi*8+0xc]","0.065","","","",""
"42","2","","jnb 0x7faf280c329b <Block 143>","","","","",""
"43","0","","data16 nop","0.113","","mov r8d, r10d","",""
"43","1","","cmp byte ptr [r10+rdi*8+0x10], 0x0","0.061","","","",""
"43","2","","jnz 0x7faf280c2e38 <Block 93>","0.118","","","",""
"44","0","","mov r8d, r10d","0.027","","mov ebx, dword ptr [rsi + 0xc]; nop word ptr [rax + rax]; cmp ecx, dword ptr [rbx*8 + 0xc]; jae 0x16","",""
"44","1","","jmp 0x7faf280c2883 <Block 14>","0.029","","","",""
"40","0","","mov ebx, dword ptr [rsi+0xc]","0.098","","nop word ptr [rax + rax]; cmp dword ptr [r11 + 0xc], 3; jb 0x15","",""
"40","1","","cmp r9d, dword ptr [rbx*8+0xc]","0.084","","","",""
"40","2","","jnb 0x7faf280c329b <Block 143>","","","","",""
"159","0","","mov dword ptr [r15+0x484], 0xffffffe5","","","","",""
"159","1","","mov qword ptr [r15+0x490], 0x0","","","","",""
"159","2","","data16 nop","","","","",""
"159","3","","call 0x7faf2805417a","","","","",""
"157","0","","mov dword ptr [r15+0x484], 0xffffffe5","","","mov edx, dword ptr [rsp + 0x34]; mov r8d, dword ptr [rsi + 0x14]; nop; cmp edx, dword ptr [r8*8 + 0xc]; jae 0x10","",""
"157","1","","mov qword ptr [r15+0x490], 0x0","","","","",""
"157","2","","call 0x7faf2805417a","","","","",""
"158","0","","nop dword ptr [rax+rax*1]","","","cmp r10d, 8; jb 0xa","",""
"250","0","","jmp 0x7faf280c3c4b <Block 250>","","","","",""
"130","0","","mov edx, dword ptr [rsp+0x34]","0.139","","mov ecx, dword ptr [rsi + 0x18]; cmp dword ptr [rcx*8 + 0xc], 7; jb 0xe","",""
"130","1","","mov r8d, dword ptr [rsi+0x14]","0.011","","","",""
"130","2","","data16 nop","0.015","","","",""
"130","3","","cmp edx, dword ptr [r8*8+0xc]","0.005","","","",""
"130","4","","jnb 0x7faf280c33c7 <Block 159>","","","","",""
"133","0","","mov eax, 0x1","0.044","","","",""
"133","1","","mov rbp, qword ptr [rsp+0x40]","","","","",""
"133","2","","add rsp, 0x48","0.003","","","",""
"133","3","","cmp rsp, qword ptr [r15+0x450]","0.054","","","",""
"133","4","","jnbe 0x7faf280c34dc <Block 181>","","","","",""
"134","0","","ret","0.001","","mov r11, rsi; mov edx, r8d; nop; call 6; nop dword ptr [rax + rax]; test eax, eax; jne 8","",""
"131","0","","cmp r10d, 0x8","0.099","","","",""
"131","1","","jb 0x7faf280c33c7 <Block 159>","","","","",""
"132","0","","mov rbx, qword ptr [rsp+0x20]","0.008","","mov ebx, dword ptr [rsp + 0x34]; mov dword ptr [rcx*8 + 0x28], ebx; mov byte ptr [r11 + 0x16], 0; mov byte ptr [r10 + rdx*8 + 0x10], 0; mov byte ptr [r8 + r9*8 + 0x10], 0; cmp ebx, 7; je 9","",""
"132","1","","mov byte ptr [rax*8+0x17], 0x1","0.004","","","",""
"132","2","","mov byte ptr [r9+r11*8+0x10], 0x1","0.122","","","",""
"132","3","","mov byte ptr [rbx+r8*8+0x10], 0x1","0.053","","","",""
"132","4","","jmp 0x7faf280c28f6 <Block 23>","0.026","","","",""
"78","0","","mov dword ptr [rdi*8+0x14], edx","0.045","","","",""
"78","1","","mov byte ptr [r11+0x11], 0x0","0.034","","","",""
"78","2","","mov byte ptr [r8+rcx*8+0x10], 0x0","0.040","","","",""
"78","3","","mov byte ptr [r10+rbx*8+0x10], 0x0","0.037","","","",""
"78","4","","cmp edx, 0x7","0.047","","","",""
"78","5","","jz 0x7faf280c3212 <Block 135>","","","","",""
"79","0","","mov r11, rsi","0.027","","mov byte ptr [rdx*8 + 0x13], 1; mov byte ptr [r9 + r11*8 + 0x10], 1; mov byte ptr [r8 + rcx*8 + 0x10], 1; shl rdx, 3; mov r11, rdx; jmp 0xfffffffffffff98a","",""
"79","1","","mov edx, r8d","0.047","","","",""
"79","2","","data16 nop","0.036","","","",""
"79","3","","call 0x7faf2804e380 <resolve_opt_virtual_call>","0.051","","","",""
"74","0","","mov r9d, dword ptr [rsp+0x2c]","","","mov r8, rsi; mov edx, dword ptr [rsp + 0x30]; nop; call 6; nop dword ptr [rax + rax]; test eax, eax; jne 8","",""
"74","1","","mov ecx, dword ptr [rsi+0x14]","","","","",""
"74","2","","nop word ptr [rax+rax*1]","","","","",""
"74","3","","cmp r9d, dword ptr [rcx*8+0xc]","","","","",""
"74","4","","jnb 0x7faf280c33a4 <Block 157>","","","","",""
"75","0","","test r11d, r11d","","","mov r9d, dword ptr [rsp + 0xc]; mov rsi, qword ptr [rsp]; mov edx, dword ptr [rsi + 0x10]; mov r10d, dword ptr [rdx*8 + 0xc]; mov r11d, dword ptr [rsi + 0xc]; cmp r9d, dword ptr [r11*8 + 0xc]; jae 0xe","",""
"75","1","","jz 0x7faf280c33a4 <Block 157>","","","","",""
"76","0","","mov rbx, qword ptr [rsp+0x20]","","","mov r8d, dword ptr [rsp + 0x10]; mov ecx, dword ptr [rsi + 0x14]; nop word ptr [rax + rax]; cmp r8d, dword ptr [rcx*8 + 0xc]; jae 0x14","",""
"76","1","","mov byte ptr [r10*8+0x10], 0x1","","","","",""
"76","2","","mov byte ptr [rbx+r8*8+0x10], 0x1","","","","",""
"76","3","","mov byte ptr [r9+rcx*8+0x10], 0x1","","","","",""
"76","4","","shl r10, 0x3","","","","",""
"76","5","","mov r11, r10","","","","",""
"76","6","","jmp 0x7faf280c2800 <Block 5>","","","","",""
"77","0","","mov edi, dword ptr [rsi+0x18]","0.044","","cmp r10d, 4; jb 0xa","",""
"77","1","","cmp dword ptr [rdi*8+0xc], 0x2","0.029","","","",""
"77","2","","jb 0x7faf280c3278 <Block 141>","0.076","","","",""
"70","0","","mov dword ptr [r11*8+0x10], edx","","","mov eax, dword ptr [rsi + 0x18]; nop dword ptr [rax + rax]; cmp dword ptr [rax*8 + 0xc], 4; jb 0x13","",""
"70","1","","mov byte ptr [r10*8+0x10], 0x0","0.002","","","",""
"70","2","","mov byte ptr [rbx+rcx*8+0x10], 0x0","0.006","","","",""
"70","3","","mov byte ptr [r9+rdi*8+0x10], 0x0","0.002","","","",""
"70","4","","cmp edx, 0x7","0.000","","","",""
"70","5","","jz 0x7faf280c3212 <Block 135>","","","","",""
"71","0","","mov qword ptr [rsp+0x20], rbx","0.001","","","",""
"71","1","","mov r10, rsi","0.004","","","",""
"71","2","","mov edx, r8d","0.008","","","",""
"71","3","","nop","0.000","","","",""
"71","4","","call 0x7faf2804e380 <resolve_opt_virtual_call>","0.001","","","",""
"72","0","","nop dword ptr [rax+rax*1+0x12000720]","0.002","","mov dword ptr [rax*8 + 0x1c], edx; mov byte ptr [r11 + 0x13], 0; mov byte ptr [r9 + rbx*8 + 0x10], 0; mov byte ptr [r10 + rdi*8 + 0x10], 0; cmp edx, 7; je 9","",""
"72","1","","test eax, eax","","","","",""
"72","2","","jnz 0x7faf280c31f6 <Block 133>","","","","",""
"73","0","","mov edx, dword ptr [rsp+0x34]","","","","",""
"73","1","","mov rsi, qword ptr [rsp]","","","","",""
"73","2","","mov r10d, dword ptr [rsi+0x10]","","","","",""
"73","3","","mov r11d, dword ptr [r10*8+0xc]","","","","",""
"73","4","","mov r8d, dword ptr [rsi+0xc]","","","","",""
"73","5","","nop dword ptr [rax+rax*1]","","","","",""
"73","6","","cmp edx, dword ptr [r8*8+0xc]","","","","",""
"73","7","","jnb 0x7faf280c33a4 <Block 157>","","","","",""
"126","0","","mov dword ptr [rdi*8+0x2c], r8d","0.023","","mov r9d, dword ptr [rsp + 0x30]; jmp 0xfffffffffffffcf9","",""
"126","1","","mov byte ptr [r11+0x17], 0x0","0.050","","","",""
"126","2","","mov byte ptr [r10+rdx*8+0x10], 0x0","0.017","","","",""
"126","3","","mov byte ptr [rbx+rcx*8+0x10], 0x0","0.061","","","",""
"126","4","","cmp r8d, 0x7","0.018","","","",""
"126","5","","jz 0x7faf280c3212 <Block 135>","","","","",""
"247","0","","mov rbx, 0x0","","","","",""
"127","0","","mov qword ptr [rsp+0x20], rbx","0.038","","mov r8d, dword ptr [rsp + 0x30]; mov r9d, dword ptr [rsi + 0x14]; nop word ptr [rax + rax]; cmp r8d, dword ptr [r9*8 + 0xc]; jae 0x19","",""
"127","1","","mov r11, rsi","0.013","","","",""
"127","2","","mov edx, r9d","0.039","","","",""
"127","3","","call 0x7faf2804e380 <resolve_opt_virtual_call>","0.023","","","",""
"248","0","","jmp 0x7faf280c3c3c <Block 248>","","","","",""
"124","0","","mov byte ptr [rdx*8+0x16], 0x1","0.013","","mov r10d, dword ptr [rsp + 0x1c]; mov edx, dword ptr [rsi + 0xc]; cmp r10d, dword ptr [rdx*8 + 0xc]; jae 0xe","",""
"124","1","","mov byte ptr [r10+r8*8+0x10], 0x1","0.114","","","",""
"124","2","","mov byte ptr [r9+rcx*8+0x10], 0x1","0.083","","","",""
"124","3","","shl rdx, 0x3","0.035","","","",""
"124","4","","mov r11, rdx","0.002","","","",""
"124","5","","jmp 0x7faf280c28db <Block 21>","0.023","","","",""
"245","0","","mov rbx, 0x0","","","","",""
"125","0","","mov edi, dword ptr [rsi+0x18]","0.059","","nop word ptr [rax + rax]; cmp byte ptr [r10 + rdx*8 + 0x10], 0; je 0x17","",""
"125","1","","nop dword ptr [rax+rax*1]","0.016","","","",""
"125","2","","cmp dword ptr [rdi*8+0xc], 0x8","0.042","","","",""
"125","3","","jb 0x7faf280c34a8 <Block 173>","0.080","","","",""
"246","0","","jmp 0x7faf280c3c2d <Block 246>","","","","",""
"128","0","","nop dword ptr [rax+rax*1+0x35000c70]","0.020","","cmp byte ptr [r8 + r9*8 + 0x10], 0; jne 0xc","",""
"128","1","","test eax, eax","0.005","","","",""
"128","2","","jnz 0x7faf280c31f6 <Block 133>","","","","",""
"249","0","","mov rbx, 0x0","","","","",""
"129","0","","mov r9d, dword ptr [rsp+0x2c]","0.071","","mov r9d, r8d; nop; jmp 0xfffffffffffffd7e","",""
"129","1","","mov rsi, qword ptr [rsp]","0.041","","","",""
"129","2","","mov eax, dword ptr [rsi+0x10]","0.010","","","",""
"129","3","","mov r10d, dword ptr [rax*8+0xc]","0.061","","","",""
"129","4","","mov r11d, dword ptr [rsi+0xc]","0.108","","","",""
"129","5","","cmp r9d, dword ptr [r11*8+0xc]","0.010","","","",""
"129","6","","jnb 0x7faf280c3496 <Block 171>","","","","",""
"140","0","","nop dword ptr [rax+rax*1]","","","nop dword ptr [rax + rax]; cmp dword ptr [r11 + 0xc], 8; jb 0x10","",""
"141","0","","mov dword ptr [r15+0x484], 0xffffffe5","","","mov edx, dword ptr [rsp + 0x34]","",""
"141","1","","mov qword ptr [r15+0x490], 0x0","","","","",""
"141","2","","call 0x7faf2805417a","","","","",""
"144","0","","nop dword ptr [rax+rax*1]","","","mov r10d, dword ptr [rsp + 0x2c]; mov edx, dword ptr [rsi + 0xc]; cmp r10d, dword ptr [rdx*8 + 0xc]; jae 0xe","",""
"145","0","","mov edx, dword ptr [rsp+0x34]","","","nop dword ptr [rax + rax]; cmp byte ptr [r10 + rdx*8 + 0x10], 0; je 0xfffffffffffffd7b","",""
"145","1","","mov dword ptr [r15+0x484], 0xffffffe5","","","","",""
"145","2","","mov qword ptr [r15+0x490], 0x0","","","","",""
"145","3","","call 0x7faf2805417a","","","","",""
"142","0","","nop dword ptr [rax+rax*1]","","","cmp byte ptr [r11 + 0x17], 0; jne 0xb","",""
"143","0","","mov dword ptr [r15+0x484], 0xffffffe5","","","","",""
"143","1","","mov qword ptr [r15+0x490], 0x0","","","","",""
"143","2","","call 0x7faf2805417a","","","","",""
"67","0","","mov r8d, r10d","0.037","","mov edi, dword ptr [rsi + 0x14]; cmp r10d, dword ptr [rdi*8 + 0xc]; jae 0xe","",""
"67","1","","jmp 0x7faf280c2883 <Block 14>","0.027","","","",""
"68","0","","mov r9d, dword ptr [rsp+0x30]","0.044","","nop; cmp byte ptr [r10 + rdi*8 + 0x10], 0; jne 0xf","",""
"68","1","","jmp 0x7faf280c28db <Block 21>","0.003","","","",""
"69","0","","mov r11d, dword ptr [rsi+0x18]","","","mov r8d, r10d; jmp 0xfffffffffffffe2e","",""
"69","1","","cmp dword ptr [r11*8+0xc], 0x0","","","","",""
"69","2","","jz 0x7faf280c322e <Block 137>","0.014","","","",""
"63","0","","mov ebx, r8d","0.152","","mov r8d, r10d","",""
"63","1","","cmp byte ptr [rbx+rcx*8+0x10], 0x0","0.086","","","",""
"63","2","","jz 0x7faf280c28f6 <Block 23>","0.145","","","",""
"64","0","","nop dword ptr [rax]","0.029","","mov ebx, dword ptr [rsi + 0xc]; cmp r9d, dword ptr [rbx*8 + 0xc]; jae 0xe","",""
"64","1","","jmp 0x7faf280c3138 <Block 125>","0.011","","","",""
"65","0","","mov r9d, r10d","0.015","","nop word ptr [rax + rax]; cmp byte ptr [r9 + rbx*8 + 0x10], 0; je 0x16","",""
"65","1","","jmp 0x7faf280c2827 <Block 8>","0.029","","","",""
"66","0","","mov r8d, r10d","0.033","","mov r8d, r10d; jmp 0xfffffffffffffca5","",""
"66","1","","jmp 0x7faf280c2854 <Block 11>","0.019","","","",""
"60","0","","mov r10d, dword ptr [rsp+0x2c]","0.092","","cmp dword ptr [r11 + 0xc], 4; jb 0xb","",""
"60","1","","mov edx, dword ptr [rsi+0xc]","0.054","","","",""
"60","2","","cmp r10d, dword ptr [rdx*8+0xc]","0.092","","","",""
"60","3","","jnb 0x7faf280c34ad <Block 174>","","","","",""
"61","0","","nop dword ptr [rax+rax*1]","0.202","","mov edx, dword ptr [rsp + 0x34]; jmp 0xfffffffffffffe0a","",""
"61","1","","cmp byte ptr [r10+rdx*8+0x10], 0x0","0.065","","","",""
"61","2","","jz 0x7faf280c28f6 <Block 23>","0.170","","","",""
"62","0","","mov r8d, dword ptr [rsp+0x34]","0.111","","mov edx, dword ptr [rsp + 0x34]; lea r10d, [rdx + 4]; mov dword ptr [rsp + 0x10], r10d; lea r9d, [rdx + 3]; mov dword ptr [rsp + 0xc], r9d; cmp byte ptr [r11 + 0x13], 0; jne 0xb","",""
"62","1","","mov ecx, dword ptr [rsi+0x14]","0.053","","","",""
"62","2","","nop dword ptr [rax+rax*1]","0.091","","","",""
"62","3","","data16 nop","0.092","","","",""
"62","4","","cmp r8d, dword ptr [rcx*8+0xc]","0.122","","","",""
"62","5","","jnb 0x7faf280c34b3 <Block 175>","","","","",""
"137","0","","mov dword ptr [r15+0x484], 0xffffffe5","","","cmp r11d, 7; jb 0xa","",""
"137","1","","mov qword ptr [r15+0x490], 0x0","","","","",""
"137","2","","call 0x7faf2805417a","","","","",""
"138","0","","nop dword ptr [rax+rax*1]","","","","",""
"135","0","","mov eax, 0x1","0.000","","mov r10d, dword ptr [rsp + 0x1c]; mov rsi, qword ptr [rsp]; mov edx, dword ptr [rsi + 0x10]; mov r11d, dword ptr [rdx*8 + 0xc]; mov r8d, dword ptr [rsi + 0xc]; cmp r10d, dword ptr [r8*8 + 0xc]; jae 0xe","",""
"135","1","","mov rbp, qword ptr [rsp+0x40]","0.002","","","",""
"135","2","","add rsp, 0x48","","","","",""
"135","3","","cmp rsp, qword ptr [r15+0x450]","","","","",""
"135","4","","jnbe 0x7faf280c34f0 <Block 183>","","","","",""
"136","0","","ret","0.002","","mov r9d, dword ptr [rsp + 0x30]; mov ecx, dword ptr [rsi + 0x14]; nop; cmp r9d, dword ptr [rcx*8 + 0xc]; jae 0x10","",""
"139","0","","mov edx, dword ptr [rsp+0x34]","","","mov byte ptr [rdx*8 + 0x16], 1; mov byte ptr [r10 + r8*8 + 0x10], 1; mov byte ptr [r9 + rcx*8 + 0x10], 1; shl rdx, 3; mov r11, rdx; jmp 0xfffffffffffff7a8","",""
"139","1","","mov dword ptr [r15+0x484], 0xffffffe5","","","","",""
"139","2","","mov qword ptr [r15+0x490], 0x0","","","","",""
"139","3","","call 0x7faf2805417a","","","","",""
"195","0","","nop dword ptr [rax+rax*1]","","","","",""
"195","1","","mov dword ptr [r15+0x484], 0xfffffff5","","","","",""
"195","2","","mov qword ptr [r15+0x490], 0x0","","","","",""
"195","3","","call 0x7faf2805417a","","","","",""
"196","0","","nop dword ptr [rax+rax*1]","","","mov dword ptr [r15 + 0x484], 0xffffffe5; mov qword ptr [r15 + 0x490], 0; call 5; nop dword ptr [rax + rax]","",""
"196","1","","mov dword ptr [r15+0x484], 0xfffffff5","","","","",""
"196","2","","mov qword ptr [r15+0x490], 0x0","","","","",""
"196","3","","call 0x7faf2805417a","","","","",""
"193","0","","nop dword ptr [rax+rax*1]","","","","",""
"193","1","","mov dword ptr [r15+0x484], 0xfffffff5","","","","",""
"193","2","","mov qword ptr [r15+0x490], 0x0","","","","",""
"193","3","","call 0x7faf2805417a","","","","",""
"194","0","","nop dword ptr [rax+rax*1]","","","","",""
"194","1","","mov dword ptr [r15+0x484], 0xfffffff5","","","","",""
"194","2","","mov qword ptr [r15+0x490], 0x0","","","","",""
"194","3","","data16 nop","","","","",""
"194","4","","call 0x7faf2805417a","","","","",""
"199","0","","nop dword ptr [rax+rax*1]","","","mov edx, dword ptr [rsp + 0x34]; mov dword ptr [r15 + 0x484], 0xffffffe5; mov qword ptr [r15 + 0x490], 0; call 5; nop dword ptr [rax + rax]","",""
"199","1","","mov dword ptr [r15+0x484], 0xfffffff5","","","","",""
"199","2","","mov qword ptr [r15+0x490], 0x0","","","","",""
"199","3","","call 0x7faf2805417a","","","","",""
"197","0","","nop dword ptr [rax+rax*1]","","","","",""
"197","1","","mov dword ptr [r15+0x484], 0xfffffff5","","","","",""
"197","2","","mov qword ptr [r15+0x490], 0x0","","","","",""
"197","3","","call 0x7faf2805417a","","","","",""
"198","0","","nop dword ptr [rax+rax*1]","","","","",""
"198","1","","mov dword ptr [r15+0x484], 0xfffffff5","","","","",""
"198","2","","mov qword ptr [r15+0x490], 0x0","","","","",""
"198","3","","call 0x7faf2805417a","","","","",""
"96","0","","nop dword ptr [rax+rax*1+0x2100096c]","0.025","","mov r9d, dword ptr [rsp + 0xc]; mov ecx, dword ptr [rsi + 0x14]; nop; cmp r9d, dword ptr [rcx*8 + 0xc]; jae 0x10","",""
"96","1","","test eax, eax","0.016","","","",""
"96","2","","jnz 0x7faf280c31f6 <Block 133>","","","","",""
"191","0","","nop dword ptr [rax+rax*1]","","","","",""
"191","1","","mov dword ptr [r15+0x484], 0xfffffff5","","","","",""
"191","2","","mov qword ptr [r15+0x490], 0x0","","","","",""
"191","3","","call 0x7faf2805417a","","","","",""
"97","0","","mov r9d, dword ptr [rsp+0xc]","0.030","","cmp r11d, 5; jb 0xa","",""
"97","1","","mov rsi, qword ptr [rsp]","0.051","","","",""
"97","2","","mov edx, dword ptr [rsi+0x10]","0.022","","","",""
"97","3","","mov r10d, dword ptr [rdx*8+0xc]","0.032","","","",""
"97","4","","mov r11d, dword ptr [rsi+0xc]","0.094","","","",""
"97","5","","cmp r9d, dword ptr [r11*8+0xc]","0.025","","","",""
"97","6","","jnb 0x7faf280c33ed <Block 161>","","","","",""
"192","0","","nop dword ptr [rax+rax*1]","","","mov edx, dword ptr [rsp + 0x34]; mov dword ptr [r15 + 0x484], 0xffffffe5; mov qword ptr [r15 + 0x490], 0; call 5; nop dword ptr [rax + rax]","",""
"192","1","","mov dword ptr [r15+0x484], 0xfffffff5","","","","",""
"192","2","","mov qword ptr [r15+0x490], 0x0","","","","",""
"192","3","","call 0x7faf2805417a","","","","",""
"98","0","","mov r8d, dword ptr [rsp+0x10]","0.100","","","",""
"98","1","","mov ecx, dword ptr [rsi+0x14]","0.031","","","",""
"98","2","","nop word ptr [rax+rax*1]","0.015","","","",""
"98","3","","cmp r8d, dword ptr [rcx*8+0xc]","0.011","","","",""
"98","4","","jnb 0x7faf280c33ed <Block 161>","","","","",""
"99","0","","cmp r10d, 0x4","0.076","","mov byte ptr [rdx*8 + 0x14], 1; mov byte ptr [r10 + r8*8 + 0x10], 1; mov byte ptr [r9 + rcx*8 + 0x10], 1; shl rdx, 3; mov r11, rdx; jmp 0xfffffffffffff8e3","",""
"99","1","","jb 0x7faf280c33ed <Block 161>","","","","",""
"190","0","","nop dword ptr [rax+rax*1]","","","","",""
"190","1","","mov dword ptr [r15+0x484], 0xfffffff5","","","","",""
"190","2","","mov qword ptr [r15+0x490], 0x0","","","","",""
"190","3","","call 0x7faf2805417a","","","","",""
"92","0","","mov byte ptr [rdx*8+0x12], 0x1","0.045","","mov ebx, dword ptr [rsp + 0x34]; mov dword ptr [rcx*8 + 0x20], ebx; mov byte ptr [r11 + 0x14], 0; mov byte ptr [r8 + rdx*8 + 0x10], 0; mov byte ptr [r9 + r10*8 + 0x10], 0; cmp ebx, 7; je 9","",""
"92","1","","mov byte ptr [rcx+r11*8+0x10], 0x1","0.065","","","",""
"92","2","","mov byte ptr [r8+r9*8+0x10], 0x1","0.055","","","",""
"92","3","","shl rdx, 0x3","0.024","","","",""
"92","4","","mov r11, rdx","0.033","","","",""
"92","5","","jmp 0x7faf280c2854 <Block 11>","0.042","","","",""
"93","0","","mov eax, dword ptr [rsi+0x18]","0.034","","","",""
"93","1","","nop dword ptr [rax+rax*1]","0.022","","","",""
"93","2","","cmp dword ptr [rax*8+0xc], 0x4","0.029","","","",""
"93","3","","jb 0x7faf280c329b <Block 143>","0.053","","","",""
"94","0","","mov dword ptr [rax*8+0x1c], edx","0.034","","mov r11, rsi; mov edx, dword ptr [rsp + 0x30]; nop; call 6; nop dword ptr [rax + rax]; test eax, eax; jne 8","",""
"94","1","","mov byte ptr [r11+0x13], 0x0","0.041","","","",""
"94","2","","mov byte ptr [r9+rbx*8+0x10], 0x0","0.034","","","",""
"94","3","","mov byte ptr [r10+rdi*8+0x10], 0x0","0.039","","","",""
"94","4","","cmp edx, 0x7","0.030","","","",""
"94","5","","jz 0x7faf280c3212 <Block 135>","","","","",""
"95","0","","mov r8, rsi","0.038","","mov r10d, dword ptr [rsp + 0x10]; mov rsi, qword ptr [rsp]; mov edx, dword ptr [rsi + 0x10]; mov r11d, dword ptr [rdx*8 + 0xc]; mov r8d, dword ptr [rsi + 0xc]; cmp r10d, dword ptr [r8*8 + 0xc]; jae 0xe","",""
"95","1","","mov edx, dword ptr [rsp+0x30]","0.022","","","",""
"95","2","","nop","0.032","","","",""
"95","3","","call 0x7faf2804e380 <resolve_opt_virtual_call>","0.030","","","",""
"90","0","","mov r8d, dword ptr [rsp+0x18]","0.111","","mov ecx, dword ptr [rsi + 0x18]; nop dword ptr [rax + rax]; cmp dword ptr [rcx*8 + 0xc], 5; jb 0x13","",""
"90","1","","mov r9d, dword ptr [rsi+0x14]","0.031","","","",""
"90","2","","nop word ptr [rax+rax*1]","0.057","","","",""
"90","3","","cmp r8d, dword ptr [r9*8+0xc]","0.038","","","",""
"90","4","","jnb 0x7faf280c3356 <Block 153>","","","","",""
"91","0","","cmp r10d, 0x3","0.087","","","",""
"91","1","","jb 0x7faf280c3356 <Block 153>","","","","",""
"89","0","","mov ecx, dword ptr [rsp+0x14]","0.023","","","",""
"89","1","","mov rsi, qword ptr [rsp]","0.073","","","",""
"89","2","","mov edx, dword ptr [rsi+0x10]","0.029","","","",""
"89","3","","mov r10d, dword ptr [rdx*8+0xc]","0.028","","","",""
"89","4","","mov r11d, dword ptr [rsi+0xc]","0.079","","","",""
"89","5","","cmp ecx, dword ptr [r11*8+0xc]","0.043","","","",""
"89","6","","jnb 0x7faf280c3356 <Block 153>","","","","",""
"85","0","","mov eax, dword ptr [rsi+0x18]","0.034","","cmp byte ptr [r8 + rdx*8 + 0x10], 0; je 0xfffffffffffffe28","",""
"85","1","","nop dword ptr [rax+rax*1]","0.054","","","",""
"85","2","","cmp dword ptr [rax*8+0xc], 0x3","0.036","","","",""
"85","3","","jb 0x7faf280c32e5 <Block 147>","0.061","","","",""
"86","0","","mov dword ptr [rax*8+0x18], edx","0.053","","","",""
"86","1","","mov byte ptr [r11+0x12], 0x0","0.032","","","",""
"86","2","","mov byte ptr [rcx+rbx*8+0x10], 0x0","0.020","","","",""
"86","3","","mov byte ptr [r10+rdi*8+0x10], 0x0","0.048","","","",""
"86","4","","cmp edx, 0x7","0.053","","","",""
"86","5","","jz 0x7faf280c3212 <Block 135>","","","","",""
"87","0","","mov r9, rsi","0.029","","mov r10d, dword ptr [rsi + 0x14]; nop; cmp r9d, dword ptr [r10*8 + 0xc]; jae 0x10","",""
"87","1","","mov edx, r8d","0.023","","","",""
"87","2","","data16 nop","0.042","","","",""
"87","3","","call 0x7faf2804e380 <resolve_opt_virtual_call>","0.051","","","",""
"88","0","","nop dword ptr [rax+rax*1+0x1c0008ac]","0.056","","cmp byte ptr [r9 + r10*8 + 0x10], 0; je 0xfffffffffffffe08; jmp 0x11","",""
"88","1","","test eax, eax","0.040","","","",""
"88","2","","jnz 0x7faf280c31f6 <Block 133>","","","","",""
"81","0","","mov r8d, dword ptr [rsp+0x30]","0.045","","","",""
"81","1","","mov rsi, qword ptr [rsp]","0.075","","","",""
"81","2","","mov edx, dword ptr [rsi+0x10]","0.048","","","",""
"81","3","","mov r10d, dword ptr [rdx*8+0xc]","0.057","","","",""
"81","4","","mov r11d, dword ptr [rsi+0xc]","0.094","","","",""
"81","5","","cmp r8d, dword ptr [r11*8+0xc]","0.028","","","",""
"81","6","","jnb 0x7faf280c332f <Block 151>","","","","",""
"82","0","","mov r9d, dword ptr [rsp+0x1c]","0.150","","cmp byte ptr [r11 + 0x14], 0; jne 0xb","",""
"82","1","","mov ecx, dword ptr [rsi+0x14]","0.031","","","",""
"82","2","","nop word ptr [rax+rax*1]","0.031","","","",""
"82","3","","cmp r9d, dword ptr [rcx*8+0xc]","0.033","","","",""
"82","4","","jnb 0x7faf280c332f <Block 151>","","","","",""
"83","0","","cmp r10d, 0x2","0.089","","","",""
"83","1","","jb 0x7faf280c332f <Block 151>","","","","",""
"84","0","","mov byte ptr [rdx*8+0x11], 0x1","0.022","","mov edx, dword ptr [rsi + 0xc]; nop word ptr [rax + rax]; cmp r8d, dword ptr [rdx*8 + 0xc]; jae 0x17","",""
"84","1","","mov byte ptr [r8+r11*8+0x10], 0x1","0.121","","","",""
"84","2","","mov byte ptr [r9+rcx*8+0x10], 0x1","0.086","","","",""
"84","3","","shl rdx, 0x3","0.035","","","",""
"84","4","","mov r11, rdx","0.021","","","",""
"84","5","","jmp 0x7faf280c2827 <Block 8>","0.031","","","",""
"80","0","","nop dword ptr [rax+rax*1+0x170007ec]","0.051","","nop; cmp dword ptr [r11 + 0xc], 5; jb 0xe","",""
"80","1","","test eax, eax","0.037","","","",""
"80","2","","jnz 0x7faf280c31f6 <Block 133>","","","","",""
"173","0","","mov edx, r8d","","","","",""
"173","1","","jmp 0x7faf280c3466 <Block 168>","","","","",""
"174","0","","mov edx, dword ptr [rsp+0x34]","","","","",""
"174","1","","jmp 0x7faf280c3466 <Block 168>","","","","",""
"171","0","","mov edx, dword ptr [rsp+0x34]","","","mov edx, dword ptr [rsp + 0x34]; mov dword ptr [r15 + 0x484], 0xffffffe5; mov qword ptr [r15 + 0x490], 0; call 5; nop dword ptr [rax + rax]","",""
"171","1","","jmp 0x7faf280c33c7 <Block 159>","","","","",""
"172","0","","mov edx, dword ptr [rsp+0x34]","","","","",""
"172","1","","jmp 0x7faf280c32e5 <Block 147>","","","","",""
"177","0","","jmp 0x7faf280c27b6 <Block 3>","","","","",""
"178","0","","hlt","","","mov edx, dword ptr [rsp + 0x34]; mov dword ptr [r15 + 0x484], 0xffffffe5; mov qword ptr [r15 + 0x490], 0; call 5; nop dword ptr [rax + rax]","",""
"175","0","","mov edx, r8d","","","mov edx, dword ptr [rsp + 0x34]; mov dword ptr [r15 + 0x484], 0xffffffe5; mov qword ptr [r15 + 0x490], 0; call 5; nop dword ptr [rax + rax]","",""
"175","1","","jmp 0x7faf280c3466 <Block 168>","","","","",""
"176","0","","mov qword ptr [rsp+0x40], rbp","","","","",""
"176","1","","call 0x7faf28034220 <nmethod_entry_barrier>","","","","",""
"170","0","","mov edx, dword ptr [rsp+0x34]","","","","",""
"170","1","","jmp 0x7faf280c329b <Block 143>","","","","",""
"168","0","","mov dword ptr [r15+0x484], 0xffffffe5","","","mov dword ptr [r15 + 0x484], 0xffffffe5; mov qword ptr [r15 + 0x490], 0; nop dword ptr [rax]; call 9; nop dword ptr [rax + rax]","",""
"168","1","","mov qword ptr [r15+0x490], 0x0","","","","",""
"168","2","","nop dword ptr [rax]","","","","",""
"168","3","","call 0x7faf2805417a","","","","",""
"169","0","","nop dword ptr [rax+rax*1]","","","","",""
"184","0","","hlt","","","","",""
"184","1","","mov dword ptr [r15+0x484], 0xfffffff5","","","","",""
"184","2","","mov qword ptr [r15+0x490], 0x0","","","","",""
"184","3","","nop dword ptr [rax]","","","","",""
"184","4","","call 0x7faf2805417a","","","","",""
"185","0","","nop dword ptr [rax+rax*1]","","","mov edx, dword ptr [rsp + 0x34]; mov dword ptr [r15 + 0x484], 0xffffffe5; mov qword ptr [r15 + 0x490], 0; call 5; nop dword ptr [rax + rax]","",""
"185","1","","mov dword ptr [r15+0x484], 0xfffffff5","","","","",""
"185","2","","mov qword ptr [r15+0x490], 0x0","","","","",""
"185","3","","call 0x7faf2805417a","","","","",""
"182","0","","hlt","","","mov edx, dword ptr [rsp + 0x34]; mov dword ptr [r15 + 0x484], 0xffffffe5; mov qword ptr [r15 + 0x490], 0; call 5; nop dword ptr [rax + rax]","",""
"183","0","","lea rcx, ptr [rip-0x2d7]","","","","",""
"183","1","","mov qword ptr [r15+0x468], rcx","","","","",""
"183","2","","data16 nop","","","","",""
"183","3","","jmp 0x7faf28055000 <SafepointBlob>","","","","",""
"188","0","","nop dword ptr [rax+rax*1]","","","","",""
"188","1","","mov dword ptr [r15+0x484], 0xfffffff5","","","","",""
"188","2","","mov qword ptr [r15+0x490], 0x0","","","","",""
"188","3","","call 0x7faf2805417a","","","","",""
"189","0","","nop dword ptr [rax+rax*1]","","","mov edx, dword ptr [rsp + 0x34]; mov dword ptr [r15 + 0x484], 0xffffffe5; mov qword ptr [r15 + 0x490], 0; call 5; nop dword ptr [rax + rax]","",""
"189","1","","mov dword ptr [r15+0x484], 0xfffffff5","","","","",""
"189","2","","mov qword ptr [r15+0x490], 0x0","","","","",""
"189","3","","call 0x7faf2805417a","","","","",""
"186","0","","nop dword ptr [rax+rax*1]","","","","",""
"186","1","","mov dword ptr [r15+0x484], 0xfffffff5","","","","",""
"186","2","","mov qword ptr [r15+0x490], 0x0","","","","",""
"186","3","","call 0x7faf2805417a","","","","",""
"187","0","","nop dword ptr [rax+rax*1]","","","","",""
"187","1","","mov dword ptr [r15+0x484], 0xfffffff5","","","","",""
"187","2","","mov qword ptr [r15+0x490], 0x0","","","","",""
"187","3","","call 0x7faf2805417a","","","","",""
"180","0","","hlt","","","","",""
"181","0","","lea rcx, ptr [rip-0x2df]","","","","",""
"181","1","","mov qword ptr [r15+0x468], rcx","","","","",""
"181","2","","jmp 0x7faf28055000 <SafepointBlob>","","","","",""
"179","0","","lea rcx, ptr [rip-0xbcb]","","","","",""
"179","1","","mov qword ptr [r15+0x468], rcx","","","","",""
"179","2","","jmp 0x7faf28055000 <SafepointBlob>","","","","",""
"0","0","","","","","mov qword ptr [rsp + 0x40], rbp; mov qword ptr [rsp], rsi; mov dword ptr [rsp + 0x34], edx; mov r10d, dword ptr [rsi + 0x10]; cmp dword ptr [r10*8 + 0xc], 0; je 0xf","",""
